This is pdfTeX, Version 3.141592653-2.6-1.40.22 (TeX Live 2022/dev/Debian) (preloaded format=pdflatex 2026.6.2)  17 AUG 2026 17:16
entering extended mode
 restricted \write18 enabled.
 file:line:error style messages enabled.
 %&-line parsing enabled.
**/home/sherpa-moi/Desktop/Rapport_STAGE_Mobiter/main.tex
(/home/sherpa-moi/Desktop/Rapport_STAGE_Mobiter/main.tex
LaTeX2e <2021-11-15> patch level 1
L3 programming layer <2022-01-21> (./CoursENSAM.cls (/usr/share/texlive/texmf-dist/tex/latex/base/article.cls
Document Class: article 2021/10/04 v1.4n Standard LaTeX document class
(/usr/share/texlive/texmf-dist/tex/latex/base/size12.clo
File: size12.clo 2021/10/04 v1.4n Standard LaTeX file (size option)
)
\c@part=\count185
\c@section=\count186
\c@subsection=\count187
\c@subsubsection=\count188
\c@paragraph=\count189
\c@subparagraph=\count190
\c@figure=\count191
\c@table=\count192
\abovecaptionskip=\skip47
\belowcaptionskip=\skip48
\bibindent=\dimen138
) (/usr/share/texlive/texmf-dist/tex/generic/babel/babel.sty
Package: babel 2022/01/26 3.70 The Babel package
\babel@savecnt=\count193
\U@D=\dimen139
\l@unhyphenated=\language87
 (/usr/share/texlive/texmf-dist/tex/generic/babel/txtbabel.def)
\bbl@readstream=\read2
\bbl@dirlevel=\count194
 (/usr/share/texlive/texmf-dist/tex/generic/babel-french/french.ldf
Language: french 2021/07/20 v3.5m French support from the babel system
Package babel Info: Hyphen rules for 'acadian' set to \l@french
(babel)             (\language63). Reported on input line 91.
Package babel Info: Hyphen rules for 'canadien' set to \l@french
(babel)             (\language63). Reported on input line 92.
\FB@nonchar=\count195
Package babel Info: Making : an active character on input line 430.
Package babel Info: Making ; an active character on input line 431.
Package babel Info: Making ! an active character on input line 432.
Package babel Info: Making ? an active character on input line 433.
\FBguill@level=\count196
\FBold@everypar=\toks16
\FB@Mht=\dimen140
\mc@charclass=\count197
\mc@charfam=\count198
\mc@charslot=\count199
\std@mcc=\count266
\dec@mcc=\count267
\listindentFB=\dimen141
\descindentFB=\dimen142
\labelindentFB=\dimen143
\labelwidthFB=\dimen144
\leftmarginFB=\dimen145
\parindentFFN=\dimen146
\FBfnindent=\dimen147
)) (/usr/share/texlive/texmf-dist/tex/latex/carlisle/scalefnt.sty) (/usr/share/texlive/texmf-dist/tex/latex/graphics/keyval.sty
Package: keyval 2014/10/28 v1.15 key=value parser (DPC)
\KV@toks@=\toks17
) (/usr/share/texlive/texmf-dist/tex/latex/placeins/placeins.sty
Package: placeins 2005/04/18  v 2.2
) (/usr/share/texlive/texmf-dist/tex/latex/base/fontenc.sty
Package: fontenc 2021/04/29 v2.0v Standard LaTeX package
) (/usr/share/texlive/texmf-dist/tex/latex/mathtools/mathtools.sty
Package: mathtools 2021/02/02 v1.28 mathematical typesetting tools
 (/usr/share/texlive/texmf-dist/tex/latex/tools/calc.sty
Package: calc 2017/05/25 v4.3 Infix arithmetic (KKT,FJ)
\calc@Acount=\count268
\calc@Bcount=\count269
\calc@Adimen=\dimen148
\calc@Bdimen=\dimen149
\calc@Askip=\skip49
\calc@Bskip=\skip50
LaTeX Info: Redefining \setlength on input line 80.
LaTeX Info: Redefining \addtolength on input line 81.
\calc@Ccount=\count270
\calc@Cskip=\skip51
) (/usr/share/texlive/texmf-dist/tex/latex/mathtools/mhsetup.sty
Package: mhsetup 2021/03/18 v1.4 programming setup (MH)
) (/usr/share/texlive/texmf-dist/tex/latex/amsmath/amsmath.sty
Package: amsmath 2021/10/15 v2.17l AMS math features
\@mathmargin=\skip52

For additional information on amsmath, use the `?' option.
(/usr/share/texlive/texmf-dist/tex/latex/amsmath/amstext.sty
Package: amstext 2021/08/26 v2.01 AMS text
 (/usr/share/texlive/texmf-dist/tex/latex/amsmath/amsgen.sty
File: amsgen.sty 1999/11/30 v2.0 generic functions
\@emptytoks=\toks18
\ex@=\dimen150
)) (/usr/share/texlive/texmf-dist/tex/latex/amsmath/amsbsy.sty
Package: amsbsy 1999/11/29 v1.2d Bold Symbols
\pmbraise@=\dimen151
) (/usr/share/texlive/texmf-dist/tex/latex/amsmath/amsopn.sty
Package: amsopn 2021/08/26 v2.02 operator names
)
\inf@bad=\count271
LaTeX Info: Redefining \frac on input line 234.
\uproot@=\count272
\leftroot@=\count273
LaTeX Info: Redefining \overline on input line 399.
\classnum@=\count274
\DOTSCASE@=\count275
LaTeX Info: Redefining \ldots on input line 496.
LaTeX Info: Redefining \dots on input line 499.
LaTeX Info: Redefining \cdots on input line 620.
\Mathstrutbox@=\box50
\strutbox@=\box51
\big@size=\dimen152
LaTeX Font Info:    Redeclaring font encoding OML on input line 743.
LaTeX Font Info:    Redeclaring font encoding OMS on input line 744.
\macc@depth=\count276
\c@MaxMatrixCols=\count277
\dotsspace@=\muskip16
\c@parentequation=\count278
\dspbrk@lvl=\count279
\tag@help=\toks19
\row@=\count280
\column@=\count281
\maxfields@=\count282
\andhelp@=\toks20
\eqnshift@=\dimen153
\alignsep@=\dimen154
\tagshift@=\dimen155
\tagwidth@=\dimen156
\totwidth@=\dimen157
\lineht@=\dimen158
\@envbody=\toks21
\multlinegap=\skip53
\multlinetaggap=\skip54
\mathdisplay@stack=\toks22
LaTeX Info: Redefining \[ on input line 2938.
LaTeX Info: Redefining \] on input line 2939.
)
\g_MT_multlinerow_int=\count283
\l_MT_multwidth_dim=\dimen159
\origjot=\skip55
\l_MT_shortvdotswithinadjustabove_dim=\dimen160
\l_MT_shortvdotswithinadjustbelow_dim=\dimen161
\l_MT_above_intertext_sep=\dimen162
\l_MT_below_intertext_sep=\dimen163
\l_MT_above_shortintertext_sep=\dimen164
\l_MT_below_shortintertext_sep=\dimen165
\xmathstrut@box=\box52
\xmathstrut@dim=\dimen166
) (/usr/share/texlive/texmf-dist/tex/latex/siunitx/siunitx.sty
Package: siunitx 2022-02-02 v3.0.46 A comprehensive (SI) units package
\l__siunitx_angle_tmp_dim=\dimen167
\l__siunitx_angle_marker_box=\box53
\l__siunitx_angle_unit_box=\box54
\l__siunitx_compound_count_int=\count284
 (/usr/share/texlive/texmf-dist/tex/latex/translations/translations.sty
Package: translations 2022/01/04 v1.11 internationalization of LaTeX2e packages (CN)
 (/usr/share/texlive/texmf-dist/tex/latex/etoolbox/etoolbox.sty
Package: etoolbox 2020/10/05 v2.5k e-TeX tools for LaTeX (JAW)
\etb@tempcnta=\count285
) (/usr/share/texlive/texmf-dist/tex/generic/pdftexcmds/pdftexcmds.sty
Package: pdftexcmds 2020-06-27 v0.33 Utility functions of pdfTeX for LuaTeX (HO)
 (/usr/share/texlive/texmf-dist/tex/generic/infwarerr/infwarerr.sty
Package: infwarerr 2019/12/03 v1.5 Providing info/warning/error messages (HO)
) (/usr/share/texlive/texmf-dist/tex/generic/iftex/iftex.sty
Package: iftex 2020/03/06 v1.0d TeX engine tests
) (/usr/share/texlive/texmf-dist/tex/generic/ltxcmds/ltxcmds.sty
Package: ltxcmds 2020-05-10 v1.25 LaTeX kernel commands for general use (HO)
)
Package pdftexcmds Info: \pdf@primitive is available.
Package pdftexcmds Info: \pdf@ifprimitive is available.
Package pdftexcmds Info: \pdfdraftmode found.
))
\l__siunitx_number_exponent_fixed_int=\count286
\l__siunitx_number_min_decimal_int=\count287
\l__siunitx_number_min_integer_int=\count288
\l__siunitx_number_round_precision_int=\count289
\l__siunitx_number_group_minimum_int=\count290
\l__siunitx_table_tmp_box=\box55
\l__siunitx_table_tmp_dim=\dimen168
\l__siunitx_table_column_width_dim=\dimen169
\l__siunitx_table_integer_box=\box56
\l__siunitx_table_decimal_box=\box57
\l__siunitx_table_before_box=\box58
\l__siunitx_table_after_box=\box59
\l__siunitx_table_before_dim=\dimen170
\l__siunitx_table_carry_dim=\dimen171
\l__siunitx_unit_tmp_int=\count291
\l__siunitx_unit_position_int=\count292
\l__siunitx_unit_total_int=\count293
 (/usr/share/texlive/texmf-dist/tex/latex/l3packages/l3keys2e/l3keys2e.sty (/usr/share/texlive/texmf-dist/tex/latex/l3kernel/expl3.sty
Package: expl3 2022-01-21 L3 programming layer (loader) 
 (/usr/share/texlive/texmf-dist/tex/latex/l3backend/l3backend-pdftex.def
File: l3backend-pdftex.def 2022-01-12 L3 backend support: PDF output (pdfTeX)
\l__color_backend_stack_int=\count294
\l__pdf_internal_box=\box60
))
Package: l3keys2e 2022-01-12 LaTeX2e option processing using LaTeX3 keys
) (/usr/share/texlive/texmf-dist/tex/latex/tools/array.sty
Package: array 2021/10/04 v2.5f Tabular extension package (FMi)
\col@sep=\dimen172
\ar@mcellbox=\box61
\extrarowheight=\dimen173
\NC@list=\toks23
\extratabsurround=\skip56
\backup@length=\skip57
\ar@cellbox=\box62
)) (/usr/share/texlive/texmf-dist/tex/latex/float/float.sty
Package: float 2001/11/08 v1.3d Float enhancements (AL)
\c@float@type=\count295
\float@exts=\toks24
\float@box=\box63
\@float@everytoks=\toks25
\@floatcapt=\box64
) (/usr/share/texlive/texmf-dist/tex/latex/graphics/graphicx.sty
Package: graphicx 2021/09/16 v1.2d Enhanced LaTeX Graphics (DPC,SPQR)
 (/usr/share/texlive/texmf-dist/tex/latex/graphics/graphics.sty
Package: graphics 2021/03/04 v1.4d Standard LaTeX Graphics (DPC,SPQR)
 (/usr/share/texlive/texmf-dist/tex/latex/graphics/trig.sty
Package: trig 2021/08/11 v1.11 sin cos tan (DPC)
) (/usr/share/texlive/texmf-dist/tex/latex/graphics-cfg/graphics.cfg
File: graphics.cfg 2016/06/04 v1.11 sample graphics configuration
)
Package graphics Info: Driver file: pdftex.def on input line 107.
 (/usr/share/texlive/texmf-dist/tex/latex/graphics-def/pdftex.def
File: pdftex.def 2020/10/05 v1.2a Graphics/color driver for pdftex
))
\Gin@req@height=\dimen174
\Gin@req@width=\dimen175
) (/usr/share/texlive/texmf-dist/tex/latex/caption/caption.sty
Package: caption 2020/10/26 v3.5g Customizing captions (AR)
 (/usr/share/texlive/texmf-dist/tex/latex/caption/caption3.sty
Package: caption3 2020/10/21 v2.2e caption3 kernel (AR)
\captionmargin=\dimen176
\captionmargin@=\dimen177
\captionwidth=\dimen178
\caption@tempdima=\dimen179
\caption@indent=\dimen180
\caption@parindent=\dimen181
\caption@hangindent=\dimen182
Package caption Info: Standard document class detected.
Package caption Info: french babel package is loaded.
)
\c@caption@flags=\count296
\c@continuedfloat=\count297
Package caption Info: float package is loaded.
) (/usr/share/texlive/texmf-dist/tex/latex/caption/subcaption.sty
Package: subcaption 2020/10/07 v1.3j Sub-captions (AR)
\c@subfigure=\count298
\c@subtable=\count299
) (/usr/share/texlive/texmf-dist/tex/latex/wallpaper/wallpaper.sty
Package: wallpaper 2005/01/18, v1.01 easy wallpaper formatting (MHFW)
 (/usr/share/texlive/texmf-dist/tex/latex/base/ifthen.sty
Package: ifthen 2020/11/24 v1.1c Standard LaTeX ifthen package (DPC)
) (/usr/share/texlive/texmf-dist/tex/latex/eso-pic/eso-pic.sty
Package: eso-pic 2020/10/14 v3.0a eso-pic (RN)
\ESO@tempdima=\dimen183
\ESO@tempdimb=\dimen184
 (/usr/share/texlive/texmf-dist/tex/latex/xcolor/xcolor.sty
Package: xcolor 2021/10/31 v2.13 LaTeX color extensions (UK)
 (/usr/share/texlive/texmf-dist/tex/latex/graphics-cfg/color.cfg
File: color.cfg 2016/01/02 v1.6 sample color configuration
)
Package xcolor Info: Driver file: pdftex.def on input line 227.
Package xcolor Info: Model `cmy' substituted by `cmy0' on input line 1352.
Package xcolor Info: Model `hsb' substituted by `rgb' on input line 1356.
Package xcolor Info: Model `RGB' extended on input line 1368.
Package xcolor Info: Model `HTML' substituted by `rgb' on input line 1370.
Package xcolor Info: Model `Hsb' substituted by `hsb' on input line 1371.
Package xcolor Info: Model `tHsb' substituted by `hsb' on input line 1372.
Package xcolor Info: Model `HSB' substituted by `hsb' on input line 1373.
Package xcolor Info: Model `Gray' substituted by `gray' on input line 1374.
Package xcolor Info: Model `wave' substituted by `hsb' on input line 1375.
))
\wpXoffset=\skip58
\wpYoffset=\skip59
\tileXoffset=\skip60
\tileYoffset=\skip61
\tilewidth=\skip62
\tileheight=\skip63
\tileX=\skip64
\tileY=\skip65
) (/usr/share/texlive/texmf-dist/tex/latex/nomencl/nomencl.sty
Package: nomencl 2021/11/10 v5.6 Nomenclature package
 (/usr/share/texlive/texmf-dist/tex/latex/xkeyval/xkeyval.sty
Package: xkeyval 2020/11/20 v2.8 package option processing (HA)
 (/usr/share/texlive/texmf-dist/tex/generic/xkeyval/xkeyval.tex (/usr/share/texlive/texmf-dist/tex/generic/xkeyval/xkvutils.tex
\XKV@toks=\toks26
\XKV@tempa@toks=\toks27
)
\XKV@depth=\count300
File: xkeyval.tex 2014/12/03 v2.7a key=value parser (HA)
)) (/usr/share/texlive/texmf-dist/tex/latex/koma-script/tocbasic.sty
Package: tocbasic 2021/11/13 v3.35 KOMA-Script package (handling toc-files)
 (/usr/share/texlive/texmf-dist/tex/latex/koma-script/scrbase.sty
Package: scrbase 2021/11/13 v3.35 KOMA-Script package (KOMA-Script-independent basics and keyval usage)
 (/usr/share/texlive/texmf-dist/tex/latex/koma-script/scrlfile.sty
Package: scrlfile 2021/11/13 v3.35 KOMA-Script package (file load hooks)
 (/usr/share/texlive/texmf-dist/tex/latex/koma-script/scrlfile-hook.sty
Package: scrlfile-hook 2021/11/13 v3.35 KOMA-Script package (using LaTeX hooks)
 (/usr/share/texlive/texmf-dist/tex/latex/koma-script/scrlogo.sty
Package: scrlogo 2021/11/13 v3.35 KOMA-Script package (logo)
)))
Applying: [2021/05/01] Usage of raw or classic option list on input line 252.
Already applied: [0000/00/00] Usage of raw or classic option list on input line 368.
)
\scr@dte@tocline@numberwidth=\skip66
\scr@dte@tocline@numbox=\box65
)
Package tocbasic Info: setting babel extension for `nlo' on input line 187.
Package tocbasic Info: setting babel extension for `nls' on input line 188.
\nomlabelwidth=\dimen185
\nom@tempdim=\dimen186
\nomitemsep=\skip67
) (/usr/share/texlive/texmf-dist/tex/latex/fancybox/fancybox.sty
Package: fancybox 2010/05/15 1.4

Style option: `fancybox' v1.4 <2010/05/15> (tvz)
\@fancybox=\box66
\shadowsize=\dimen187
\@Sbox=\box67
\do@VerbBox=\toks28
\the@fancyput=\toks29
\this@fancyput=\toks30
\EndVerbatimTokens=\toks31
\Verbatim@Outfile=\write3
\Verbatim@Infile=\read3
) (/usr/share/texlive/texmf-dist/tex/latex/thmbox/thmbox.sty
Package: thmbox 2005/04/24 v2.0 fancy theorem outlining
\thmbox@leftmargin=\dimen188
\thmbox@rightmargin=\dimen189
\thmbox@hskip=\dimen190
\thmbox@vskip=\dimen191
\thmbox@thickness=\dimen192
\thmbox@box=\box68
\thmbox@box@=\box69
\thmbox@dim=\dimen193
) (/usr/share/texlive/texmf-dist/tex/latex/hyperref/hyperref.sty
Package: hyperref 2021-06-07 v7.00m Hypertext links for LaTeX
 (/usr/share/texlive/texmf-dist/tex/generic/kvsetkeys/kvsetkeys.sty
Package: kvsetkeys 2019/12/15 v1.18 Key value parser (HO)
) (/usr/share/texlive/texmf-dist/tex/generic/kvdefinekeys/kvdefinekeys.sty
Package: kvdefinekeys 2019-12-19 v1.6 Define keys (HO)
) (/usr/share/texlive/texmf-dist/tex/generic/pdfescape/pdfescape.sty
Package: pdfescape 2019/12/09 v1.15 Implements pdfTeX's escape features (HO)
) (/usr/share/texlive/texmf-dist/tex/latex/hycolor/hycolor.sty
Package: hycolor 2020-01-27 v1.10 Color options for hyperref/bookmark (HO)
) (/usr/share/texlive/texmf-dist/tex/latex/letltxmacro/letltxmacro.sty
Package: letltxmacro 2019/12/03 v1.6 Let assignment for LaTeX macros (HO)
) (/usr/share/texlive/texmf-dist/tex/latex/auxhook/auxhook.sty
Package: auxhook 2019-12-17 v1.6 Hooks for auxiliary files (HO)
) (/usr/share/texlive/texmf-dist/tex/latex/kvoptions/kvoptions.sty
Package: kvoptions 2020-10-07 v3.14 Key value format for package options (HO)
)
\@linkdim=\dimen194
\Hy@linkcounter=\count301
\Hy@pagecounter=\count302
 (/usr/share/texlive/texmf-dist/tex/latex/hyperref/pd1enc.def
File: pd1enc.def 2021-06-07 v7.00m Hyperref: PDFDocEncoding definition (HO)
Now handling font encoding PD1 ...
... no UTF-8 mapping file for font encoding PD1
) (/usr/share/texlive/texmf-dist/tex/latex/hyperref/hyperref-langpatches.def
File: hyperref-langpatches.def 2021-06-07 v7.00m Hyperref: patches for babel languages
) (/usr/share/texlive/texmf-dist/tex/generic/intcalc/intcalc.sty
Package: intcalc 2019/12/15 v1.3 Expandable calculations with integers (HO)
) (/usr/share/texlive/texmf-dist/tex/generic/etexcmds/etexcmds.sty
Package: etexcmds 2019/12/15 v1.7 Avoid name clashes with e-TeX commands (HO)
)
\Hy@SavedSpaceFactor=\count303
 (/usr/share/texlive/texmf-dist/tex/latex/hyperref/puenc.def
File: puenc.def 2021-06-07 v7.00m Hyperref: PDF Unicode definition (HO)
Now handling font encoding PU ...
... no UTF-8 mapping file for font encoding PU
)
Package hyperref Info: Hyper figures OFF on input line 4192.
Package hyperref Info: Link nesting OFF on input line 4197.
Package hyperref Info: Hyper index ON on input line 4200.
Package hyperref Info: Plain pages OFF on input line 4207.
Package hyperref Info: Backreferencing OFF on input line 4212.
Package hyperref Info: Implicit mode ON; LaTeX internals redefined.
Package hyperref Info: Bookmarks ON on input line 4445.
\c@Hy@tempcnt=\count304
 (/usr/share/texlive/texmf-dist/tex/latex/url/url.sty
\Urlmuskip=\muskip17
Package: url 2013/09/16  ver 3.4  Verb mode for urls, etc.
)
LaTeX Info: Redefining \url on input line 4804.
\XeTeXLinkMargin=\dimen195
 (/usr/share/texlive/texmf-dist/tex/generic/bitset/bitset.sty
Package: bitset 2019/12/09 v1.3 Handle bit-vector datatype (HO)
 (/usr/share/texlive/texmf-dist/tex/generic/bigintcalc/bigintcalc.sty
Package: bigintcalc 2019/12/15 v1.5 Expandable calculations on big integers (HO)
))
\Fld@menulength=\count305
\Field@Width=\dimen196
\Fld@charsize=\dimen197
Package hyperref Info: Hyper figures OFF on input line 6076.
Package hyperref Info: Link nesting OFF on input line 6081.
Package hyperref Info: Hyper index ON on input line 6084.
Package hyperref Info: backreferencing OFF on input line 6091.
Package hyperref Info: Link coloring OFF on input line 6096.
Package hyperref Info: Link coloring with OCG OFF on input line 6101.
Package hyperref Info: PDF/A mode OFF on input line 6106.
LaTeX Info: Redefining \ref on input line 6146.
LaTeX Info: Redefining \pageref on input line 6150.
 (/usr/share/texlive/texmf-dist/tex/latex/base/atbegshi-ltx.sty
Package: atbegshi-ltx 2021/01/10 v1.0c Emulation of the original atbegshi
package with kernel methods
)
\Hy@abspage=\count306
\c@Item=\count307
\c@Hfootnote=\count308
)
Package hyperref Info: Driver (autodetected): hpdftex.
 (/usr/share/texlive/texmf-dist/tex/latex/hyperref/hpdftex.def
File: hpdftex.def 2021-06-07 v7.00m Hyperref driver for pdfTeX
 (/usr/share/texlive/texmf-dist/tex/latex/base/atveryend-ltx.sty
Package: atveryend-ltx 2020/08/19 v1.0a Emulation of the original atveryend package
with kernel methods
)
\Fld@listcount=\count309
\c@bookmark@seq@number=\count310
 (/usr/share/texlive/texmf-dist/tex/latex/rerunfilecheck/rerunfilecheck.sty
Package: rerunfilecheck 2019/12/05 v1.9 Rerun checks for auxiliary files (HO)
 (/usr/share/texlive/texmf-dist/tex/generic/uniquecounter/uniquecounter.sty
Package: uniquecounter 2019/12/15 v1.4 Provide unlimited unique counter (HO)
)
Package uniquecounter Info: New unique counter `rerunfilecheck' on input line 286.
)
\Hy@SectionHShift=\skip68
) (/usr/share/texlive/texmf-dist/tex/latex/fancyhdr/fancyhdr.sty
Package: fancyhdr 2021/01/28 v4.0.1 Extensive control of page headers and footers
\f@nch@headwidth=\skip69
\f@nch@O@elh=\skip70
\f@nch@O@erh=\skip71
\f@nch@O@olh=\skip72
\f@nch@O@orh=\skip73
\f@nch@O@elf=\skip74
\f@nch@O@erf=\skip75
\f@nch@O@olf=\skip76
\f@nch@O@orf=\skip77
) (/usr/share/texlive/texmf-dist/tex/latex/geometry/geometry.sty
Package: geometry 2020/01/02 v5.9 Page Geometry
 (/usr/share/texlive/texmf-dist/tex/generic/iftex/ifvtex.sty
Package: ifvtex 2019/10/25 v1.7 ifvtex legacy package. Use iftex instead.
)
\Gm@cnth=\count311
\Gm@cntv=\count312
\c@Gm@tempcnt=\count313
\Gm@bindingoffset=\dimen198
\Gm@wd@mp=\dimen199
\Gm@odd@mp=\dimen256
\Gm@even@mp=\dimen257
\Gm@layoutwidth=\dimen258
\Gm@layoutheight=\dimen259
\Gm@layouthoffset=\dimen260
\Gm@layoutvoffset=\dimen261
\Gm@dimlist=\toks32
) (/usr/share/texlive/texmf-dist/tex/latex/lipsum/lipsum.sty
Package: lipsum 2021-09-20 v2.7 150 paragraphs of Lorem Ipsum dummy text
\g__lipsum_par_int=\count314
\l__lipsum_a_int=\count315
\l__lipsum_b_int=\count316
 (/usr/share/texlive/texmf-dist/tex/latex/lipsum/lipsum.ltd.tex)) (/usr/share/texlive/texmf-dist/tex/latex/glossaries/base/glossaries.sty
Package: glossaries 2021/11/01 v4.49 (NLCT)
 (/usr/share/texlive/texmf-dist/tex/latex/mfirstuc/mfirstuc.sty
Package: mfirstuc 2021/10/15 v2.07 (NLCT)
\@glsmfirst=\toks33
\@glsmrest=\toks34
) (/usr/share/texlive/texmf-dist/tex/latex/textcase/textcase.sty
Package: textcase 2019/09/14 v1.00 Text only upper/lower case changing (DPC)
) (/usr/share/texlive/texmf-dist/tex/latex/xfor/xfor.sty
Package: xfor 2009/02/05 v1.05 (NLCT)
) (/usr/share/texlive/texmf-dist/tex/latex/datatool/datatool-base.sty
Package: datatool-base 2019/09/27 v2.32 (NLCT)
 (/usr/share/texlive/texmf-dist/tex/latex/substr/substr.sty
Package: substr 2009/10/20 v1.2 Handle substrings
\c@su@anzahl=\count317
) (/usr/share/texlive/texmf-dist/tex/latex/datatool/datatool-fp.sty
Package: datatool-fp 2019/09/27 v2.32 (NLCT)
 (/usr/share/texlive/texmf-dist/tex/latex/fp/fp.sty
Package: fp 1995/04/02
 `Fixed Point Package', Version 0.8, April 2, 1995 (C) Michael Mehlich (/usr/share/texlive/texmf-dist/tex/latex/fp/defpattern.sty
Package: defpattern 1994/10/12
\actioncount=\count318
) (/usr/share/texlive/texmf-dist/tex/latex/fp/fp-basic.sty
Package: fp-basic 1996/05/13
\FP@xs=\count319
\FP@xia=\count320
\FP@xib=\count321
\FP@xfa=\count322
\FP@xfb=\count323
\FP@rega=\count324
\FP@regb=\count325
\FP@regs=\count326
\FP@times=\count327
) (/usr/share/texlive/texmf-dist/tex/latex/fp/fp-addons.sty
Package: fp-addons 1995/03/15
) (/usr/share/texlive/texmf-dist/tex/latex/fp/fp-snap.sty
Package: fp-snap 1995/04/05
) (/usr/share/texlive/texmf-dist/tex/latex/fp/fp-exp.sty
Package: fp-exp 1995/04/03
) (/usr/share/texlive/texmf-dist/tex/latex/fp/fp-trigo.sty
Package: fp-trigo 1995/04/14
) (/usr/share/texlive/texmf-dist/tex/latex/fp/fp-pas.sty
Package: fp-pas 1994/08/29
) (/usr/share/texlive/texmf-dist/tex/latex/fp/fp-random.sty
Package: fp-random 1995/02/23
\FPseed=\count328
) (/usr/share/texlive/texmf-dist/tex/latex/fp/fp-eqn.sty
Package: fp-eqn 1995/04/03
) (/usr/share/texlive/texmf-dist/tex/latex/fp/fp-upn.sty
Package: fp-upn 1996/10/21
) (/usr/share/texlive/texmf-dist/tex/latex/fp/fp-eval.sty
Package: fp-eval 1995/04/03
)))
\@dtl@toks=\toks35
\@dtl@tmpcount=\count329
\dtl@tmplength=\skip78
\dtl@sortresult=\count330
\@dtl@numgrpsepcount=\count331
\@dtl@datatype=\count332
\dtl@codeA=\count333
\dtl@codeB=\count334
\@dtl@foreach@level=\count335
) (/usr/share/texlive/texmf-dist/tex/latex/glossaries/base/glossaries-compatible-307.sty
Package: glossaries-compatible-307 2021/11/01 v4.49 (NLCT)
) (/usr/share/texlive/texmf-dist/tex/latex/tracklang/tracklang.sty
Package: tracklang 2020/06/30 v1.5 (NLCT) Track Languages
 (/usr/share/texlive/texmf-dist/tex/generic/tracklang/tracklang.tex)) (/usr/share/texlive/texmf-dist/tex/latex/translator/translator.sty
Package: translator 2021-05-31 v1.12d Easy translation of strings in LaTeX
) (/usr/share/texlive/texmf-dist/tex/latex/glossaries-french/glossaries-french.ldf
File: glossaries-french.ldf 2016/12/12 v1.1
)
\gls@level=\count336
\@gls@tmpb=\toks36
\gls@tmplen=\skip79
\glskeylisttok=\toks37
\glslabeltok=\toks38
\glsshorttok=\toks39
\glslongtok=\toks40
 (/usr/share/texlive/texmf-dist/tex/latex/glossaries/styles/glossary-hypernav.sty
Package: glossary-hypernav 2021/11/01 v4.49 (NLCT)
) (/usr/share/texlive/texmf-dist/tex/latex/glossaries/styles/glossary-list.sty
Package: glossary-list 2021/11/01 v4.49 (NLCT)
\glslistdottedwidth=\skip80
) (/usr/share/texlive/texmf-dist/tex/latex/glossaries/styles/glossary-long.sty
Package: glossary-long 2021/11/01 v4.49 (NLCT)
 (/usr/share/texlive/texmf-dist/tex/latex/tools/longtable.sty
Package: longtable 2021-09-01 v4.17 Multi-page Table package (DPC)
\LTleft=\skip81
\LTright=\skip82
\LTpre=\skip83
\LTpost=\skip84
\LTchunksize=\count337
\LTcapwidth=\dimen262
\LT@head=\box70
\LT@firsthead=\box71
\LT@foot=\box72
\LT@lastfoot=\box73
\LT@gbox=\box74
\LT@cols=\count338
\LT@rows=\count339
\c@LT@tables=\count340
\c@LT@chunks=\count341
\LT@p@ftn=\toks41
)
\glsdescwidth=\skip85
\glspagelistwidth=\skip86
) (/usr/share/texlive/texmf-dist/tex/latex/glossaries/styles/glossary-super.sty
Package: glossary-super 2021/11/01 v4.49 (NLCT)
 (/usr/share/texlive/texmf-dist/tex/latex/supertabular/supertabular.sty
Package: supertabular 2020/02/02 v4.1g the supertabular environment
\c@tracingst=\count342
\ST@wd=\dimen263
\ST@rightskip=\skip87
\ST@leftskip=\skip88
\ST@parfillskip=\skip89
\ST@pageleft=\dimen264
\ST@headht=\dimen265
\ST@tailht=\dimen266
\ST@pagesofar=\dimen267
\ST@pboxht=\dimen268
\ST@lineht=\dimen269
\ST@prevht=\dimen270
\ST@toadd=\dimen271
\ST@dimen=\dimen272
\ST@pbox=\box75
)) (/usr/share/texlive/texmf-dist/tex/latex/glossaries/styles/glossary-tree.sty
Package: glossary-tree 2021/11/01 v4.49 (NLCT)
\glstreeindent=\skip90
)) (/usr/share/texlive/texmf-dist/tex/latex/shorttoc/shorttoc.sty
Package: shorttoc 2002/08/20 v1.3 Short table of contents (JPFD)
) (./Glossaire_et_abreviations/glossaire.tex) (./Glossaire_et_abreviations/abreviations.tex)
\glswrite=\write4
\glo@main@file=\write5
\openout5 = `main.glo'.

Package glossaries Info: Writing glossary file main.glo on input line 35.
\glo@acronym@file=\write6
\openout6 = `main.acn'.

Package glossaries Info: Writing glossary file main.acn on input line 35.
 (/usr/share/texlive/texmf-dist/tex/latex/listings/listings.sty
\lst@mode=\count343
\lst@gtempboxa=\box76
\lst@token=\toks42
\lst@length=\count344
\lst@currlwidth=\dimen273
\lst@column=\count345
\lst@pos=\count346
\lst@lostspace=\dimen274
\lst@width=\dimen275
\lst@newlines=\count347
\lst@lineno=\count348
\lst@maxwidth=\dimen276
 (/usr/share/texlive/texmf-dist/tex/latex/listings/lstmisc.sty
File: lstmisc.sty 2020/03/24 1.8d (Carsten Heinz)
\c@lstnumber=\count349
\lst@skipnumbers=\count350
\lst@framebox=\box77
) (/usr/share/texlive/texmf-dist/tex/latex/listings/listings.cfg
File: listings.cfg 2020/03/24 1.8d listings configuration
))
Package: listings 2020/03/24 1.8d (Carsten Heinz)
 (/usr/share/texlive/texmf-dist/tex/latex/listings/lstlang1.sty
File: lstlang1.sty 2020/03/24 1.8d listings language file
) (/usr/share/texlive/texmf-dist/tex/generic/mathabx/mathabx.sty
Package: mathabx 2003/07/29 v0.0 Non-standard LaTeX package mathabx
\symmatha=\mathgroup4
\symmathb=\mathgroup5
\symmathx=\mathgroup6
 (/usr/share/texlive/texmf-dist/tex/generic/mathabx/mathabx.dcl
LaTeX Font Info:    Redeclaring math symbol \cdotp on input line 25.
LaTeX Font Info:    Redeclaring math symbol \times on input line 33.
LaTeX Font Info:    Redeclaring math symbol \div on input line 34.
LaTeX Font Info:    Redeclaring math symbol \cdot on input line 35.
LaTeX Font Info:    Redeclaring math symbol \circ on input line 36.
LaTeX Font Info:    Redeclaring math symbol \ast on input line 38.
LaTeX Font Info:    Redeclaring math symbol \pm on input line 41.
LaTeX Font Info:    Redeclaring math symbol \mp on input line 42.
LaTeX Font Info:    Redeclaring math symbol \diamond on input line 45.
LaTeX Font Info:    Redeclaring math symbol \bullet on input line 46.
LaTeX Font Info:    Redeclaring math symbol \star on input line 47.
LaTeX Font Info:    Redeclaring math symbol \amalg on input line 51.
LaTeX Font Info:    Redeclaring math symbol \equiv on input line 83.
LaTeX Font Info:    Redeclaring math symbol \sim on input line 84.
LaTeX Font Info:    Redeclaring math symbol \approx on input line 85.
LaTeX Font Info:    Redeclaring math symbol \simeq on input line 86.
LaTeX Font Info:    Redeclaring math symbol \asymp on input line 89.
LaTeX Font Info:    Redeclaring math symbol \neg on input line 134.
LaTeX Font Info:    Redeclaring math symbol \ll on input line 136.
LaTeX Font Info:    Redeclaring math symbol \gg on input line 137.
LaTeX Font Info:    Redeclaring math symbol \vdash on input line 139.
LaTeX Font Info:    Redeclaring math symbol \dashv on input line 140.
LaTeX Font Info:    Redeclaring math symbol \flat on input line 158.
LaTeX Font Info:    Redeclaring math symbol \natural on input line 159.
LaTeX Font Info:    Redeclaring math symbol \sharp on input line 160.
LaTeX Font Info:    Redeclaring math symbol \infty on input line 161.
LaTeX Font Info:    Redeclaring math symbol \propto on input line 162.
LaTeX Font Info:    Redeclaring math symbol \dagger on input line 163.
LaTeX Font Info:    Redeclaring math symbol \ddagger on input line 164.
LaTeX Font Info:    Redeclaring math symbol \smile on input line 171.
LaTeX Font Info:    Redeclaring math symbol \frown on input line 172.
LaTeX Font Info:    Redeclaring math accent \dot on input line 193.
LaTeX Font Info:    Redeclaring math accent \ddot on input line 195.
LaTeX Font Info:    Redeclaring math symbol \setminus on input line 218.
LaTeX Font Info:    Redeclaring math symbol \mid on input line 222.
LaTeX Font Info:    Redeclaring math symbol \forall on input line 279.
LaTeX Font Info:    Redeclaring math symbol \partial on input line 281.
LaTeX Font Info:    Redeclaring math symbol \exists on input line 284.
LaTeX Font Info:    Redeclaring math symbol \emptyset on input line 288.
LaTeX Font Info:    Redeclaring math symbol \top on input line 290.
LaTeX Font Info:    Redeclaring math symbol \bot on input line 291.
LaTeX Font Info:    Redeclaring math symbol \perp on input line 292.
LaTeX Font Info:    Redeclaring math symbol \in on input line 299.
LaTeX Font Info:    Redeclaring math symbol \owns on input line 300.
LaTeX Font Info:    Redeclaring math symbol \cap on input line 312.
LaTeX Font Info:    Redeclaring math symbol \cup on input line 313.
LaTeX Font Info:    Redeclaring math symbol \uplus on input line 314.
LaTeX Font Info:    Redeclaring math symbol \sqcap on input line 315.
LaTeX Font Info:    Redeclaring math symbol \sqcup on input line 316.
LaTeX Font Info:    Redeclaring math symbol \wedge on input line 318.
LaTeX Font Info:    Redeclaring math symbol \vee on input line 320.
LaTeX Font Info:    Redeclaring math symbol \subset on input line 344.
LaTeX Font Info:    Redeclaring math symbol \supset on input line 345.
LaTeX Font Info:    Redeclaring math symbol \subseteq on input line 348.
LaTeX Font Info:    Redeclaring math symbol \supseteq on input line 349.
LaTeX Font Info:    Redeclaring math symbol \sqsubseteq on input line 380.
LaTeX Font Info:    Redeclaring math symbol \sqsupseteq on input line 381.
LaTeX Font Info:    Redeclaring math symbol \triangleleft on input line 407.
LaTeX Font Info:    Redeclaring math symbol \triangleright on input line 409.
LaTeX Font Info:    Redeclaring math symbol \leq on input line 439.
LaTeX Font Info:    Redeclaring math symbol \geq on input line 441.
LaTeX Font Info:    Redeclaring math symbol \prec on input line 498.
LaTeX Font Info:    Redeclaring math symbol \succ on input line 499.
LaTeX Font Info:    Redeclaring math symbol \preceq on input line 506.
LaTeX Font Info:    Redeclaring math symbol \succeq on input line 507.
LaTeX Font Info:    Redeclaring math symbol \leftarrow on input line 540.
LaTeX Font Info:    Redeclaring math symbol \rightarrow on input line 542.
LaTeX Font Info:    Redeclaring math symbol \nwarrow on input line 546.
LaTeX Font Info:    Redeclaring math symbol \nearrow on input line 547.
LaTeX Font Info:    Redeclaring math symbol \swarrow on input line 548.
LaTeX Font Info:    Redeclaring math symbol \searrow on input line 549.
LaTeX Font Info:    Redeclaring math symbol \leftrightarrow on input line 550.
LaTeX Font Info:    Redeclaring math symbol \mapstochar on input line 557.
LaTeX Font Info:    Redeclaring math symbol \leftharpoonup on input line 560.
LaTeX Font Info:    Redeclaring math symbol \rightharpoonup on input line 561.
LaTeX Font Info:    Redeclaring math symbol \leftharpoondown on input line 562.
LaTeX Font Info:    Redeclaring math symbol \rightharpoondown on input line 563.
LaTeX Font Info:    Redeclaring math symbol \Leftarrow on input line 575.
LaTeX Font Info:    Redeclaring math symbol \Rightarrow on input line 576.
LaTeX Font Info:    Redeclaring math symbol \Leftrightarrow on input line 579.
LaTeX Font Info:    Redeclaring math symbol \rhook on input line 612.
LaTeX Font Info:    Redeclaring math symbol \lhook on input line 613.
LaTeX Font Info:    Redeclaring math symbol \oplus on input line 658.
LaTeX Font Info:    Redeclaring math symbol \ominus on input line 659.
LaTeX Font Info:    Redeclaring math symbol \otimes on input line 661.
LaTeX Font Info:    Redeclaring math symbol \odot on input line 663.
LaTeX Font Info:    Redeclaring math symbol \oslash on input line 675.
\mayacnter=\count351
\mayacnta=\count352
\mayacntb=\count353
\mayacntc=\count354
\mayawidth=\dimen277
LaTeX Font Info:    Redeclaring math symbol \intop on input line 753.
LaTeX Font Info:    Redeclaring math symbol \ointop on input line 760.
LaTeX Font Info:    Redeclaring math delimiter \lbrace on input line 842.
LaTeX Info: Redefining \{ on input line 846.
LaTeX Font Info:    Redeclaring math delimiter \rbrace on input line 848.
LaTeX Info: Redefining \} on input line 852.
LaTeX Font Info:    Redeclaring math delimiter \langle on input line 858.
LaTeX Font Info:    Redeclaring math delimiter \rangle on input line 859.
LaTeX Font Info:    Redeclaring math delimiter \vert on input line 863.
LaTeX Font Info:    Redeclaring math delimiter \Vert on input line 865.
LaTeX Font Info:    Redeclaring math delimiter \uparrow on input line 868.
LaTeX Font Info:    Redeclaring math delimiter \downarrow on input line 869.
LaTeX Font Info:    Redeclaring math delimiter \updownarrow on input line 870.
LaTeX Font Info:    Redeclaring math delimiter \Uparrow on input line 871.
LaTeX Font Info:    Redeclaring math delimiter \Downarrow on input line 872.
LaTeX Font Info:    Redeclaring math delimiter \Updownarrow on input line 873.
LaTeX Font Info:    Redeclaring math delimiter \lgroup on input line 880.
LaTeX Font Info:    Redeclaring math delimiter \rgroup on input line 881.
LaTeX Font Info:    Redeclaring math delimiter \lceil on input line 882.
LaTeX Font Info:    Redeclaring math delimiter \rceil on input line 883.
LaTeX Font Info:    Redeclaring math delimiter \lfloor on input line 884.
LaTeX Font Info:    Redeclaring math delimiter \rfloor on input line 885.
LaTeX Font Info:    Redeclaring math symbol \braceld on input line 903.
LaTeX Font Info:    Redeclaring math symbol \bracerd on input line 905.
LaTeX Font Info:    Redeclaring math symbol \bracelu on input line 907.
LaTeX Font Info:    Redeclaring math symbol \braceru on input line 909.
LaTeX Font Info:    Redeclaring math accent \widehat on input line 944.
LaTeX Font Info:    Redeclaring math accent \widetilde on input line 946.
)) (/usr/share/texlive/texmf-dist/tex/generic/soul/soul.sty
Package: soul 2003/11/17 v2.4 letterspacing/underlining (mf)
\SOUL@word=\toks43
\SOUL@lasttoken=\toks44
\SOUL@cmds=\toks45
\SOUL@buffer=\toks46
\SOUL@token=\toks47
\SOUL@spaceskip=\skip91
\SOUL@ttwidth=\dimen278
\SOUL@uldp=\dimen279
\SOUL@ulht=\dimen280
) (/usr/share/texlive/texmf-dist/tex/latex/pgf/basiclayer/pgf.sty (/usr/share/texlive/texmf-dist/tex/latex/pgf/utilities/pgfrcs.sty (/usr/share/texlive/texmf-dist/tex/generic/pgf/utilities/pgfutil-common.tex
\pgfutil@everybye=\toks48
\pgfutil@tempdima=\dimen281
\pgfutil@tempdimb=\dimen282
 (/usr/share/texlive/texmf-dist/tex/generic/pgf/utilities/pgfutil-common-lists.tex)) (/usr/share/texlive/texmf-dist/tex/generic/pgf/utilities/pgfutil-latex.def
\pgfutil@abb=\box78
) (/usr/share/texlive/texmf-dist/tex/generic/pgf/utilities/pgfrcs.code.tex (/usr/share/texlive/texmf-dist/tex/generic/pgf/pgf.revision.tex)
Package: pgfrcs 2021/05/15 v3.1.9a (3.1.9a)
))
Package: pgf 2021/05/15 v3.1.9a (3.1.9a)
 (/usr/share/texlive/texmf-dist/tex/latex/pgf/basiclayer/pgfcore.sty (/usr/share/texlive/texmf-dist/tex/latex/pgf/systemlayer/pgfsys.sty (/usr/share/texlive/texmf-dist/tex/generic/pgf/systemlayer/pgfsys.code.tex
Package: pgfsys 2021/05/15 v3.1.9a (3.1.9a)
 (/usr/share/texlive/texmf-dist/tex/generic/pgf/utilities/pgfkeys.code.tex
\pgfkeys@pathtoks=\toks49
\pgfkeys@temptoks=\toks50
 (/usr/share/texlive/texmf-dist/tex/generic/pgf/utilities/pgfkeysfiltered.code.tex
\pgfkeys@tmptoks=\toks51
))
\pgf@x=\dimen283
\pgf@y=\dimen284
\pgf@xa=\dimen285
\pgf@ya=\dimen286
\pgf@xb=\dimen287
\pgf@yb=\dimen288
\pgf@xc=\dimen289
\pgf@yc=\dimen290
\pgf@xd=\dimen291
\pgf@yd=\dimen292
\w@pgf@writea=\write7
\r@pgf@reada=\read4
\c@pgf@counta=\count355
\c@pgf@countb=\count356
\c@pgf@countc=\count357
\c@pgf@countd=\count358
\t@pgf@toka=\toks52
\t@pgf@tokb=\toks53
\t@pgf@tokc=\toks54
\pgf@sys@id@count=\count359
 (/usr/share/texlive/texmf-dist/tex/generic/pgf/systemlayer/pgf.cfg
File: pgf.cfg 2021/05/15 v3.1.9a (3.1.9a)
)
Driver file for pgf: pgfsys-pdftex.def
 (/usr/share/texlive/texmf-dist/tex/generic/pgf/systemlayer/pgfsys-pdftex.def
File: pgfsys-pdftex.def 2021/05/15 v3.1.9a (3.1.9a)
 (/usr/share/texlive/texmf-dist/tex/generic/pgf/systemlayer/pgfsys-common-pdf.def
File: pgfsys-common-pdf.def 2021/05/15 v3.1.9a (3.1.9a)
))) (/usr/share/texlive/texmf-dist/tex/generic/pgf/systemlayer/pgfsyssoftpath.code.tex
File: pgfsyssoftpath.code.tex 2021/05/15 v3.1.9a (3.1.9a)
\pgfsyssoftpath@smallbuffer@items=\count360
\pgfsyssoftpath@bigbuffer@items=\count361
) (/usr/share/texlive/texmf-dist/tex/generic/pgf/systemlayer/pgfsysprotocol.code.tex
File: pgfsysprotocol.code.tex 2021/05/15 v3.1.9a (3.1.9a)
)) (/usr/share/texlive/texmf-dist/tex/generic/pgf/basiclayer/pgfcore.code.tex
Package: pgfcore 2021/05/15 v3.1.9a (3.1.9a)
 (/usr/share/texlive/texmf-dist/tex/generic/pgf/math/pgfmath.code.tex (/usr/share/texlive/texmf-dist/tex/generic/pgf/math/pgfmathcalc.code.tex (/usr/share/texlive/texmf-dist/tex/generic/pgf/math/pgfmathutil.code.tex) (/usr/share/texlive/texmf-dist/tex/generic/pgf/math/pgfmathparser.code.tex
\pgfmath@dimen=\dimen293
\pgfmath@count=\count362
\pgfmath@box=\box79
\pgfmath@toks=\toks55
\pgfmath@stack@operand=\toks56
\pgfmath@stack@operation=\toks57
) (/usr/share/texlive/texmf-dist/tex/generic/pgf/math/pgfmathfunctions.code.tex (/usr/share/texlive/texmf-dist/tex/generic/pgf/math/pgfmathfunctions.basic.code.tex) (/usr/share/texlive/texmf-dist/tex/generic/pgf/math/pgfmathfunctions.trigonometric.code.tex) (/usr/share/texlive/texmf-dist/tex/generic/pgf/math/pgfmathfunctions.random.code.tex) (/usr/share/texlive/texmf-dist/tex/generic/pgf/math/pgfmathfunctions.comparison.code.tex) (/usr/share/texlive/texmf-dist/tex/generic/pgf/math/pgfmathfunctions.base.code.tex) (/usr/share/texlive/texmf-dist/tex/generic/pgf/math/pgfmathfunctions.round.code.tex) (/usr/share/texlive/texmf-dist/tex/generic/pgf/math/pgfmathfunctions.misc.code.tex) (/usr/share/texlive/texmf-dist/tex/generic/pgf/math/pgfmathfunctions.integerarithmetics.code.tex))) (/usr/share/texlive/texmf-dist/tex/generic/pgf/math/pgfmathfloat.code.tex
\c@pgfmathroundto@lastzeros=\count363
)) (/usr/share/texlive/texmf-dist/tex/generic/pgf/math/pgfint.code.tex) (/usr/share/texlive/texmf-dist/tex/generic/pgf/basiclayer/pgfcorepoints.code.tex
File: pgfcorepoints.code.tex 2021/05/15 v3.1.9a (3.1.9a)
\pgf@picminx=\dimen294
\pgf@picmaxx=\dimen295
\pgf@picminy=\dimen296
\pgf@picmaxy=\dimen297
\pgf@pathminx=\dimen298
\pgf@pathmaxx=\dimen299
\pgf@pathminy=\dimen300
\pgf@pathmaxy=\dimen301
\pgf@xx=\dimen302
\pgf@xy=\dimen303
\pgf@yx=\dimen304
\pgf@yy=\dimen305
\pgf@zx=\dimen306
\pgf@zy=\dimen307
) (/usr/share/texlive/texmf-dist/tex/generic/pgf/basiclayer/pgfcorepathconstruct.code.tex
File: pgfcorepathconstruct.code.tex 2021/05/15 v3.1.9a (3.1.9a)
\pgf@path@lastx=\dimen308
\pgf@path@lasty=\dimen309
) (/usr/share/texlive/texmf-dist/tex/generic/pgf/basiclayer/pgfcorepathusage.code.tex
File: pgfcorepathusage.code.tex 2021/05/15 v3.1.9a (3.1.9a)
\pgf@shorten@end@additional=\dimen310
\pgf@shorten@start@additional=\dimen311
) (/usr/share/texlive/texmf-dist/tex/generic/pgf/basiclayer/pgfcorescopes.code.tex
File: pgfcorescopes.code.tex 2021/05/15 v3.1.9a (3.1.9a)
\pgfpic=\box80
\pgf@hbox=\box81
\pgf@layerbox@main=\box82
\pgf@picture@serial@count=\count364
) (/usr/share/texlive/texmf-dist/tex/generic/pgf/basiclayer/pgfcoregraphicstate.code.tex
File: pgfcoregraphicstate.code.tex 2021/05/15 v3.1.9a (3.1.9a)
\pgflinewidth=\dimen312
) (/usr/share/texlive/texmf-dist/tex/generic/pgf/basiclayer/pgfcoretransformations.code.tex
File: pgfcoretransformations.code.tex 2021/05/15 v3.1.9a (3.1.9a)
\pgf@pt@x=\dimen313
\pgf@pt@y=\dimen314
\pgf@pt@temp=\dimen315
) (/usr/share/texlive/texmf-dist/tex/generic/pgf/basiclayer/pgfcorequick.code.tex
File: pgfcorequick.code.tex 2021/05/15 v3.1.9a (3.1.9a)
) (/usr/share/texlive/texmf-dist/tex/generic/pgf/basiclayer/pgfcoreobjects.code.tex
File: pgfcoreobjects.code.tex 2021/05/15 v3.1.9a (3.1.9a)
) (/usr/share/texlive/texmf-dist/tex/generic/pgf/basiclayer/pgfcorepathprocessing.code.tex
File: pgfcorepathprocessing.code.tex 2021/05/15 v3.1.9a (3.1.9a)
) (/usr/share/texlive/texmf-dist/tex/generic/pgf/basiclayer/pgfcorearrows.code.tex
File: pgfcorearrows.code.tex 2021/05/15 v3.1.9a (3.1.9a)
\pgfarrowsep=\dimen316
) (/usr/share/texlive/texmf-dist/tex/generic/pgf/basiclayer/pgfcoreshade.code.tex
File: pgfcoreshade.code.tex 2021/05/15 v3.1.9a (3.1.9a)
\pgf@max=\dimen317
\pgf@sys@shading@range@num=\count365
\pgf@shadingcount=\count366
) (/usr/share/texlive/texmf-dist/tex/generic/pgf/basiclayer/pgfcoreimage.code.tex
File: pgfcoreimage.code.tex 2021/05/15 v3.1.9a (3.1.9a)
 (/usr/share/texlive/texmf-dist/tex/generic/pgf/basiclayer/pgfcoreexternal.code.tex
File: pgfcoreexternal.code.tex 2021/05/15 v3.1.9a (3.1.9a)
\pgfexternal@startupbox=\box83
)) (/usr/share/texlive/texmf-dist/tex/generic/pgf/basiclayer/pgfcorelayers.code.tex
File: pgfcorelayers.code.tex 2021/05/15 v3.1.9a (3.1.9a)
) (/usr/share/texlive/texmf-dist/tex/generic/pgf/basiclayer/pgfcoretransparency.code.tex
File: pgfcoretransparency.code.tex 2021/05/15 v3.1.9a (3.1.9a)
) (/usr/share/texlive/texmf-dist/tex/generic/pgf/basiclayer/pgfcorepatterns.code.tex
File: pgfcorepatterns.code.tex 2021/05/15 v3.1.9a (3.1.9a)
) (/usr/share/texlive/texmf-dist/tex/generic/pgf/basiclayer/pgfcorerdf.code.tex
File: pgfcorerdf.code.tex 2021/05/15 v3.1.9a (3.1.9a)
))) (/usr/share/texlive/texmf-dist/tex/generic/pgf/modules/pgfmoduleshapes.code.tex
File: pgfmoduleshapes.code.tex 2021/05/15 v3.1.9a (3.1.9a)
\pgfnodeparttextbox=\box84
) (/usr/share/texlive/texmf-dist/tex/generic/pgf/modules/pgfmoduleplot.code.tex
File: pgfmoduleplot.code.tex 2021/05/15 v3.1.9a (3.1.9a)
) (/usr/share/texlive/texmf-dist/tex/latex/pgf/compatibility/pgfcomp-version-0-65.sty
Package: pgfcomp-version-0-65 2021/05/15 v3.1.9a (3.1.9a)
\pgf@nodesepstart=\dimen318
\pgf@nodesepend=\dimen319
) (/usr/share/texlive/texmf-dist/tex/latex/pgf/compatibility/pgfcomp-version-1-18.sty
Package: pgfcomp-version-1-18 2021/05/15 v3.1.9a (3.1.9a)
)) (/usr/share/texlive/texmf-dist/tex/latex/pgf/frontendlayer/tikz.sty (/usr/share/texlive/texmf-dist/tex/latex/pgf/utilities/pgffor.sty (/usr/share/texlive/texmf-dist/tex/latex/pgf/utilities/pgfkeys.sty (/usr/share/texlive/texmf-dist/tex/generic/pgf/utilities/pgfkeys.code.tex)) (/usr/share/texlive/texmf-dist/tex/latex/pgf/math/pgfmath.sty (/usr/share/texlive/texmf-dist/tex/generic/pgf/math/pgfmath.code.tex)) (/usr/share/texlive/texmf-dist/tex/generic/pgf/utilities/pgffor.code.tex
Package: pgffor 2021/05/15 v3.1.9a (3.1.9a)
 (/usr/share/texlive/texmf-dist/tex/generic/pgf/math/pgfmath.code.tex)
\pgffor@iter=\dimen320
\pgffor@skip=\dimen321
\pgffor@stack=\toks58
\pgffor@toks=\toks59
)) (/usr/share/texlive/texmf-dist/tex/generic/pgf/frontendlayer/tikz/tikz.code.tex
Package: tikz 2021/05/15 v3.1.9a (3.1.9a)
 (/usr/share/texlive/texmf-dist/tex/generic/pgf/libraries/pgflibraryplothandlers.code.tex
File: pgflibraryplothandlers.code.tex 2021/05/15 v3.1.9a (3.1.9a)
\pgf@plot@mark@count=\count367
\pgfplotmarksize=\dimen322
)
\tikz@lastx=\dimen323
\tikz@lasty=\dimen324
\tikz@lastxsaved=\dimen325
\tikz@lastysaved=\dimen326
\tikz@lastmovetox=\dimen327
\tikz@lastmovetoy=\dimen328
\tikzleveldistance=\dimen329
\tikzsiblingdistance=\dimen330
\tikz@figbox=\box85
\tikz@figbox@bg=\box86
\tikz@tempbox=\box87
\tikz@tempbox@bg=\box88
\tikztreelevel=\count368
\tikznumberofchildren=\count369
\tikznumberofcurrentchild=\count370
\tikz@fig@count=\count371
 (/usr/share/texlive/texmf-dist/tex/generic/pgf/modules/pgfmodulematrix.code.tex
File: pgfmodulematrix.code.tex 2021/05/15 v3.1.9a (3.1.9a)
\pgfmatrixcurrentrow=\count372
\pgfmatrixcurrentcolumn=\count373
\pgf@matrix@numberofcolumns=\count374
)
\tikz@expandcount=\count375
 (/usr/share/texlive/texmf-dist/tex/generic/pgf/frontendlayer/tikz/libraries/tikzlibrarytopaths.code.tex
File: tikzlibrarytopaths.code.tex 2021/05/15 v3.1.9a (3.1.9a)
))) (/usr/share/texlive/texmf-dist/tex/latex/multirow/multirow.sty
Package: multirow 2021/03/15 v2.8 Span multiple rows of a table
\multirow@colwidth=\skip92
\multirow@cntb=\count376
\multirow@dima=\skip93
\bigstrutjot=\dimen331
) (/usr/share/texlive/texmf-dist/tex/latex/lastpage/lastpage.sty
Package: lastpage 2021/09/03 v1.2n Refers to last page's name (HMM; JPG)
) (/usr/share/texlive/texmf-dist/tex/latex/nopageno/nopageno.sty
Package: nopageno 1989/01/01 no page numbers (DPC)
) (/usr/share/texlive/texmf-dist/tex/latex/tkz-tab/tkz-tab.sty
Package: tkz-tab 2020/04/29 v2.12c variations (ctan version)

(/usr/share/texlive/texmf-dist/tex/generic/pgf/frontendlayer/tikz/libraries/tikzlibraryarrows.code.tex
File: tikzlibraryarrows.code.tex 2021/05/15 v3.1.9a (3.1.9a)
 (/usr/share/texlive/texmf-dist/tex/generic/pgf/libraries/pgflibraryarrows.code.tex
File: pgflibraryarrows.code.tex 2021/05/15 v3.1.9a (3.1.9a)
\arrowsize=\dimen332
)) (/usr/share/texlive/texmf-dist/tex/generic/pgf/frontendlayer/tikz/libraries/tikzlibrarypatterns.code.tex
File: tikzlibrarypatterns.code.tex 2021/05/15 v3.1.9a (3.1.9a)
 (/usr/share/texlive/texmf-dist/tex/generic/pgf/libraries/pgflibrarypatterns.code.tex
File: pgflibrarypatterns.code.tex 2021/05/15 v3.1.9a (3.1.9a)
))
\tkz@XF=\dimen333
\tkz@YF=\dimen334
\c@tkz@cnt@line=\count377
\c@tkz@cnt@lg=\count378
\c@tkz@cnt@cl=\count379
\c@tkz@cnt@pred=\count380
\c@tkz@cnt@temp=\count381
\c@tkz@cnt@arrow=\count382
\c@tkz@cnt@zone=\count383
\c@tkz@cnt@lgnext=\count384
\c@tkz@cnt@clnext=\count385
\c@tkz@cnt@pair=\count386
\c@tkz@cnt@impair=\count387
\c@tkz@cnt@aw=\count388
) (/usr/share/texlive/texmf-dist/tex/latex/wrapfig/wrapfig.sty
\wrapoverhang=\dimen335
\WF@size=\dimen336
\c@WF@wrappedlines=\count389
\WF@box=\box89
\WF@everypar=\toks60
Package: wrapfig 2003/01/31  v 3.6
) (/usr/share/texlive/texmf-dist/tex/latex/colortbl/colortbl.sty
Package: colortbl 2020/01/04 v1.0e Color table columns (DPC)
\everycr=\toks61
\minrowclearance=\skip94
) (/usr/share/texlive/texmf-dist/tex/latex/pdfpages/pdfpages.sty
Package: pdfpages 2022/01/29 v0.5u Insert pages of external PDF documents (AM)
\AM@pagewidth=\dimen337
\AM@pageheight=\dimen338
\AM@fboxrule=\dimen339
 (/usr/share/texlive/texmf-dist/tex/latex/pdfpages/pppdftex.def
File: pppdftex.def 2022/01/29 v0.5u Pdfpages driver for pdfTeX (AM)
)
\pdfpages@includegraphics@status=\count390
\AM@pagebox=\box90
\AM@global@opts=\toks62
\AM@pagecnt=\count391
\AM@toc@title=\toks63
\c@AM@survey=\count392
\AM@templatesizebox=\box91
) (/usr/share/texlive/texmf-dist/tex/latex/sectsty/sectsty.sty
Package: sectsty 2002/02/25 v2.0.2 Commands to change all sectional heading styles


LaTeX Warning: Command \underbar  has changed.
               Check if current package is valid.


LaTeX Warning: Command \underline  has changed.
               Check if current package is valid.

) (/usr/share/texlive/texmf-dist/tex/latex/base/inputenc.sty
Package: inputenc 2021/02/14 v1.3d Input encoding file
\inpenc@prehook=\toks64
\inpenc@posthook=\toks65
) (/usr/share/texlive/texmf-dist/tex/latex/tools/tabularx.sty
Package: tabularx 2020/01/15 v2.11c `tabularx' package (DPC)
\TX@col@width=\dimen340
\TX@old@table=\dimen341
\TX@old@col=\dimen342
\TX@target=\dimen343
\TX@delta=\dimen344
\TX@cols=\count393
\TX@ftn=\toks66
) (/usr/share/texlive/texmf-dist/tex/latex/base/fontenc.sty
Package: fontenc 2021/04/29 v2.0v Standard LaTeX package
) (/usr/share/texmf/tex/latex/lm/lmodern.sty
Package: lmodern 2009/10/30 v1.6 Latin Modern Fonts
LaTeX Font Info:    Overwriting symbol font `operators' in version `normal'
(Font)                  OT1/cmr/m/n --> OT1/lmr/m/n on input line 22.
LaTeX Font Info:    Overwriting symbol font `letters' in version `normal'
(Font)                  OML/cmm/m/it --> OML/lmm/m/it on input line 23.
LaTeX Font Info:    Overwriting symbol font `symbols' in version `normal'
(Font)                  OMS/cmsy/m/n --> OMS/lmsy/m/n on input line 24.
LaTeX Font Info:    Overwriting symbol font `largesymbols' in version `normal'
(Font)                  OMX/cmex/m/n --> OMX/lmex/m/n on input line 25.
LaTeX Font Info:    Overwriting symbol font `operators' in version `bold'
(Font)                  OT1/cmr/bx/n --> OT1/lmr/bx/n on input line 26.
LaTeX Font Info:    Overwriting symbol font `letters' in version `bold'
(Font)                  OML/cmm/b/it --> OML/lmm/b/it on input line 27.
LaTeX Font Info:    Overwriting symbol font `symbols' in version `bold'
(Font)                  OMS/cmsy/b/n --> OMS/lmsy/b/n on input line 28.
LaTeX Font Info:    Overwriting symbol font `largesymbols' in version `bold'
(Font)                  OMX/cmex/m/n --> OMX/lmex/m/n on input line 29.
LaTeX Font Info:    Overwriting math alphabet `\mathbf' in version `normal'
(Font)                  OT1/cmr/bx/n --> OT1/lmr/bx/n on input line 31.
LaTeX Font Info:    Overwriting math alphabet `\mathsf' in version `normal'
(Font)                  OT1/cmss/m/n --> OT1/lmss/m/n on input line 32.
LaTeX Font Info:    Overwriting math alphabet `\mathit' in version `normal'
(Font)                  OT1/cmr/m/it --> OT1/lmr/m/it on input line 33.
LaTeX Font Info:    Overwriting math alphabet `\mathtt' in version `normal'
(Font)                  OT1/cmtt/m/n --> OT1/lmtt/m/n on input line 34.
LaTeX Font Info:    Overwriting math alphabet `\mathbf' in version `bold'
(Font)                  OT1/cmr/bx/n --> OT1/lmr/bx/n on input line 35.
LaTeX Font Info:    Overwriting math alphabet `\mathsf' in version `bold'
(Font)                  OT1/cmss/bx/n --> OT1/lmss/bx/n on input line 36.
LaTeX Font Info:    Overwriting math alphabet `\mathit' in version `bold'
(Font)                  OT1/cmr/bx/it --> OT1/lmr/bx/it on input line 37.
LaTeX Font Info:    Overwriting math alphabet `\mathtt' in version `bold'
(Font)                  OT1/cmtt/m/n --> OT1/lmtt/m/n on input line 38.
) (/usr/share/texlive/texmf-dist/tex/latex/titlesec/titlesec.sty
Package: titlesec 2021/07/05 v2.14 Sectioning titles
\ttl@box=\box92
\beforetitleunit=\skip95
\aftertitleunit=\skip96
\ttl@plus=\dimen345
\ttl@minus=\dimen346
\ttl@toksa=\toks67
\titlewidth=\dimen347
\titlewidthlast=\dimen348
\titlewidthfirst=\dimen349
) (/usr/share/texlive/texmf-dist/tex/latex/tools/verbatim.sty
Package: verbatim 2020-07-07 v1.5u LaTeX2e package for verbatim enhancements
\every@verbatim=\toks68
\verbatim@line=\toks69
\verbatim@in@stream=\read5
) (/usr/share/texlive/texmf-dist/tex/generic/pgf/frontendlayer/tikz/libraries/tikzlibrarybabel.code.tex
File: tikzlibrarybabel.code.tex 2021/05/15 v3.1.9a (3.1.9a)
) (/usr/share/texlive/texmf-dist/tex/latex/circuitikz/circuitikz.sty
Package: circuitikz 2021/12/06{} The CircuiTikz circuit drawing package version 1.4.5
 (/usr/share/texlive/texmf-dist/tex/generic/pgf/frontendlayer/tikz/libraries/tikzlibrarycalc.code.tex
File: tikzlibrarycalc.code.tex 2021/05/15 v3.1.9a (3.1.9a)
) (/usr/share/texlive/texmf-dist/tex/generic/pgf/libraries/pgflibraryarrows.meta.code.tex
File: pgflibraryarrows.meta.code.tex 2021/05/15 v3.1.9a (3.1.9a)
\pgfarrowinset=\dimen350
\pgfarrowlength=\dimen351
\pgfarrowwidth=\dimen352
\pgfarrowlinewidth=\dimen353
) (/usr/share/texlive/texmf-dist/tex/generic/pgf/frontendlayer/tikz/libraries/tikzlibrarybending.code.tex
File: tikzlibrarybending.code.tex 2021/05/15 v3.1.9a (3.1.9a)
 (/usr/share/texlive/texmf-dist/tex/generic/pgf/modules/pgfmodulebending.code.tex
File: pgfmodulebending.code.tex 2021/05/15 v3.1.9a (3.1.9a)
 (/usr/share/texlive/texmf-dist/tex/generic/pgf/modules/pgfmodulenonlineartransformations.code.tex
File: pgfmodulenonlineartransformations.code.tex 2021/05/15 v3.1.9a (3.1.9a)
\pgftransformnonlinearflatness=\dimen354
) (/usr/share/texlive/texmf-dist/tex/generic/pgf/libraries/pgflibrarycurvilinear.code.tex
File: pgflibrarycurvilinear.code.tex 2021/05/15 v3.1.9a (3.1.9a)
\pgf@curvilinear@time@a=\dimen355
\pgf@curvilinear@length@a=\dimen356
\pgf@curvilinear@length@b=\dimen357
\pgf@curvilinear@length@c=\dimen358
\pgf@curvilinear@length@d=\dimen359
)
\pgf@arrows@the@rigidity=\dimen360
)) (/usr/share/texlive/texmf-dist/tex/generic/pgf/frontendlayer/tikz/libraries/tikzlibraryfpu.code.tex (/usr/share/texlive/texmf-dist/tex/generic/pgf/libraries/pgflibraryfpu.code.tex)) (/usr/share/texlive/texmf-dist/tex/generic/circuitikz/pgfcirc.defines.tex
\pgf@circ@count@a=\count394
\pgf@circ@count@b=\count395
\pgf@circ@count@c=\count396
\pgf@circ@res@up=\dimen361
\pgf@circ@res@down=\dimen362
\pgf@circ@res@zero=\dimen363
\pgf@circ@res@left=\dimen364
\pgf@circ@res@right=\dimen365
\pgf@circ@res@other=\dimen366
\pgf@circ@res@step=\dimen367
\pgf@circ@res@temp=\dimen368
\pgf@circ@Rlen=\dimen369
\pgf@circ@scaled@Rlen=\dimen370
\pgfstartlinewidth=\dimen371
) (/usr/share/texlive/texmf-dist/tex/generic/circuitikz/pgfcircutils.tex
\ctikz@scratchbox=\box93
) (/usr/share/texlive/texmf-dist/tex/generic/circuitikz/pgfcircpath.tex) (/usr/share/texlive/texmf-dist/tex/generic/circuitikz/pgfcircshapes.tex) (/usr/share/texlive/texmf-dist/tex/generic/circuitikz/pgfcircmonopoles.tex) (/usr/share/texlive/texmf-dist/tex/generic/circuitikz/pgfcircbipoles.tex) (/usr/share/texlive/texmf-dist/tex/generic/circuitikz/pgfcirctripoles.tex
\pgf@circ@res@count=\count397
) (/usr/share/texlive/texmf-dist/tex/generic/circuitikz/pgfcircquadpoles.tex) (/usr/share/texlive/texmf-dist/tex/generic/circuitikz/pgfcircmultipoles.tex) (/usr/share/texlive/texmf-dist/tex/generic/circuitikz/pgfcirclabel.tex) (/usr/share/texlive/texmf-dist/tex/generic/circuitikz/pgfcircvoltage.tex
\pgfcirc@labelshift=\dimen372
) (/usr/share/texlive/texmf-dist/tex/generic/circuitikz/pgfcirccurrent.tex) (/usr/share/texlive/texmf-dist/tex/generic/circuitikz/pgfcircflow.tex)))
LaTeX Font Info:    Trying to load font information for T1+lmr on input line 3.
 (/usr/share/texmf/tex/latex/lm/t1lmr.fd
File: t1lmr.fd 2009/10/30 v1.6 Font defs for Latin Modern
) (./main.aux

LaTeX Warning: Label `fig24' multiply defined.


LaTeX Warning: Label `fig:image1' multiply defined.


LaTeX Warning: Label `sub@fig:image1' multiply defined.


LaTeX Warning: Label `fig:image2' multiply defined.


LaTeX Warning: Label `sub@fig:image2' multiply defined.


LaTeX Warning: Label `fig:image1' multiply defined.


LaTeX Warning: Label `sub@fig:image1' multiply defined.


LaTeX Warning: Label `fig:image2' multiply defined.


LaTeX Warning: Label `sub@fig:image2' multiply defined.


LaTeX Warning: Label `fig:image1' multiply defined.


LaTeX Warning: Label `sub@fig:image1' multiply defined.


LaTeX Warning: Label `fig:image2' multiply defined.


LaTeX Warning: Label `sub@fig:image2' multiply defined.


LaTeX Warning: Label `fig:image3' multiply defined.


LaTeX Warning: Label `sub@fig:image3' multiply defined.


LaTeX Warning: Label `fig:image1' multiply defined.


LaTeX Warning: Label `sub@fig:image1' multiply defined.


LaTeX Warning: Label `fig:image2' multiply defined.


LaTeX Warning: Label `sub@fig:image2' multiply defined.


LaTeX Warning: Label `fig:image1' multiply defined.


LaTeX Warning: Label `sub@fig:image1' multiply defined.


LaTeX Warning: Label `fig:image2' multiply defined.


LaTeX Warning: Label `sub@fig:image2' multiply defined.

)
\openout1 = `main.aux'.

LaTeX Font Info:    Checking defaults for OML/cmm/m/it on input line 3.
LaTeX Font Info:    ... okay on input line 3.
LaTeX Font Info:    Checking defaults for OMS/cmsy/m/n on input line 3.
LaTeX Font Info:    ... okay on input line 3.
LaTeX Font Info:    Checking defaults for OT1/cmr/m/n on input line 3.
LaTeX Font Info:    ... okay on input line 3.
LaTeX Font Info:    Checking defaults for T1/cmr/m/n on input line 3.
LaTeX Font Info:    ... okay on input line 3.
LaTeX Font Info:    Checking defaults for TS1/cmr/m/n on input line 3.
LaTeX Font Info:    ... okay on input line 3.
LaTeX Font Info:    Checking defaults for OMX/cmex/m/n on input line 3.
LaTeX Font Info:    ... okay on input line 3.
LaTeX Font Info:    Checking defaults for U/mathx/m/n on input line 3.
LaTeX Font Info:    ... okay on input line 3.
LaTeX Font Info:    Checking defaults for PD1/pdf/m/n on input line 3.
LaTeX Font Info:    ... okay on input line 3.
LaTeX Font Info:    Checking defaults for PU/pdf/m/n on input line 3.
LaTeX Font Info:    ... okay on input line 3.
LaTeX Info: Redefining \degres on input line 3.
LaTeX Info: Redefining \up on input line 3.
 (/usr/share/texlive/texmf-dist/tex/latex/translations/translations-basic-dictionary-french.trsl
File: translations-basic-dictionary-french.trsl (french translation file `translations-basic-dictionary')
)
Package translations Info: loading dictionary `translations-basic-dictionary' for `french'. on input line 3.
 (/usr/share/texlive/texmf-dist/tex/context/base/mkii/supp-pdf.mkii
[Loading MPS to PDF converter (version 2006.09.02).]
\scratchcounter=\count398
\scratchdimen=\dimen373
\scratchbox=\box94
\nofMPsegments=\count399
\nofMParguments=\count400
\everyMPshowfont=\toks70
\MPscratchCnt=\count401
\MPscratchDim=\dimen374
\MPnumerator=\count402
\makeMPintoPDFobject=\count403
\everyMPtoPDFconversion=\toks71
) (/usr/share/texlive/texmf-dist/tex/latex/epstopdf-pkg/epstopdf-base.sty
Package: epstopdf-base 2020-01-24 v2.11 Base part for package epstopdf
 (/usr/share/texlive/texmf-dist/tex/latex/grfext/grfext.sty
Package: grfext 2019/12/03 v1.3 Manage graphics extensions (HO)
)
Package epstopdf-base Info: Redefining graphics rule for `.eps' on input line 485.
Package grfext Info: Graphics extension search list:
(grfext)             [.pdf,.png,.jpg,.mps,.jpeg,.jbig2,.jb2,.PDF,.PNG,.JPG,.JPEG,.JBIG2,.JB2,.eps]
(grfext)             \AppendGraphicsExtensions on input line 504.
 (/usr/share/texlive/texmf-dist/tex/latex/latexconfig/epstopdf-sys.cfg
File: epstopdf-sys.cfg 2010/07/13 v1.3 Configuration of (r)epstopdf for TeX Live
))
Package caption Info: Begin \AtBeginDocument code.
Package caption Info: hyperref package is loaded.
Package caption Info: listings package is loaded.
Package caption Info: longtable package is loaded.
 (/usr/share/texlive/texmf-dist/tex/latex/caption/ltcaption.sty
Package: ltcaption 2020/05/30 v1.4b longtable captions (AR)
)
Package caption Info: supertabular package is loaded.
Package caption Info: wrapfig package is loaded.
Package caption Info: End \AtBeginDocument code.
Package hyperref Info: Link coloring OFF on input line 3.
 (/usr/share/texlive/texmf-dist/tex/latex/hyperref/nameref.sty
Package: nameref 2021-04-02 v2.47 Cross-referencing by name of section
 (/usr/share/texlive/texmf-dist/tex/latex/refcount/refcount.sty
Package: refcount 2019/12/15 v3.6 Data extraction from label references (HO)
) (/usr/share/texlive/texmf-dist/tex/generic/gettitlestring/gettitlestring.sty
Package: gettitlestring 2019/12/15 v1.6 Cleanup title references (HO)
)
\c@section@level=\count404
)
LaTeX Info: Redefining \ref on input line 3.
LaTeX Info: Redefining \pageref on input line 3.
LaTeX Info: Redefining \nameref on input line 3.
 (./main.out) (./main.out)
\@outlinefile=\write8
\openout8 = `main.out'.


*geometry* driver: auto-detecting
*geometry* detected driver: pdftex
*geometry* verbose mode - [ preamble ] result:
* driver: pdftex
* paper: <default>
* layout: <same size as paper>
* layoutoffset:(h,v)=(0.0pt,0.0pt)
* modes: 
* h-part:(L,W,R)=(56.9055pt, 483.69687pt, 56.9055pt)
* v-part:(T,H,B)=(56.9055pt, 702.78308pt, 85.35826pt)
* \paperwidth=597.50787pt
* \paperheight=845.04684pt
* \textwidth=483.69687pt
* \textheight=702.78308pt
* \oddsidemargin=-15.36449pt
* \evensidemargin=-15.36449pt
* \topmargin=-52.36449pt
* \headheight=12.0pt
* \headsep=25.0pt
* \topskip=12.0pt
* \footskip=30.0pt
* \marginparwidth=35.0pt
* \marginparsep=10.0pt
* \columnsep=10.0pt
* \skip\footins=10.8pt plus 4.0pt minus 2.0pt
* \hoffset=0.0pt
* \voffset=0.0pt
* \mag=1000
* \@twocolumnfalse
* \@twosidefalse
* \@mparswitchfalse
* \@reversemarginfalse
* (1in=72.27pt=25.4mm, 1cm=28.453pt)

\c@lstlisting=\count405
Package lastpage Info: Please have a look at the pageslts package at
(lastpage)             https://www.ctan.org/pkg/pageslts
(lastpage)             ! on input line 3.
(/usr/share/texlive/texmf-dist/tex/latex/pdflscape/pdflscape.sty
Package: pdflscape 2019/12/05 v0.12 Display of landscape pages in PDF (HO)
 (/usr/share/texlive/texmf-dist/tex/latex/graphics/lscape.sty
Package: lscape 2020/05/28 v3.02 Landscape Pages (DPC)
)
Package pdflscape Info: Auto-detected driver: pdftex on input line 81.
)
\@nomenclaturefile=\write9
\openout9 = `main.nlo'.

Package nomencl Info: Writing nomenclature file main.nlo on input line 21.
*geometry* verbose mode - [ newgeometry ] result:
* driver: pdftex
* paper: <default>
* layout: <same size as paper>
* layoutoffset:(h,v)=(0.0pt,0.0pt)
* modes: 
* h-part:(L,W,R)=(28.45274pt, 540.60239pt, 28.45274pt)
* v-part:(T,H,B)=(28.45274pt, 788.14136pt, 28.45274pt)
* \paperwidth=597.50787pt
* \paperheight=845.04684pt
* \textwidth=540.60239pt
* \textheight=788.14136pt
* \oddsidemargin=-43.81725pt
* \evensidemargin=-43.81725pt
* \topmargin=-80.81725pt
* \headheight=12.0pt
* \headsep=25.0pt
* \topskip=12.0pt
* \footskip=30.0pt
* \marginparwidth=35.0pt
* \marginparsep=10.0pt
* \columnsep=10.0pt
* \skip\footins=10.8pt plus 4.0pt minus 2.0pt
* \hoffset=0.0pt
* \voffset=0.0pt
* \mag=1000
* \@twocolumnfalse
* \@twosidefalse
* \@mparswitchfalse
* \@reversemarginfalse
* (1in=72.27pt=25.4mm, 1cm=28.453pt)

<logos/logo_sherpa.png, id=171, 597.432pt x 199.2243pt>
File: logos/logo_sherpa.png Graphic file (type png)
<use logos/logo_sherpa.png>
Package pdftex.def Info: logos/logo_sherpa.png  used on input line 22.
(pdftex.def)             Requested size: 97.30446pt x 32.44499pt.
<logos/logo_inrae.png, id=173, 1204.5pt x 318.18875pt>
File: logos/logo_inrae.png Graphic file (type png)
<use logos/logo_inrae.png>
Package pdftex.def Info: logos/logo_inrae.png  used on input line 22.
(pdftex.def)             Requested size: 97.30446pt x 25.70323pt.
<logos/logo_ip.png, id=174, 327.2225pt x 130.4875pt>
File: logos/logo_ip.png Graphic file (type png)
<use logos/logo_ip.png>
Package pdftex.def Info: logos/logo_ip.png  used on input line 22.
(pdftex.def)             Requested size: 97.30446pt x 38.80208pt.
<logos/logo_polytech.png, id=175, 384.43625pt x 132.495pt>
File: logos/logo_polytech.png Graphic file (type png)
<use logos/logo_polytech.png>
Package pdftex.def Info: logos/logo_polytech.png  used on input line 22.
(pdftex.def)             Requested size: 145.96495pt x 50.30818pt.
<logos/eupi_long.png, id=176, 677.1699pt x 137.7948pt>
File: logos/eupi_long.png Graphic file (type png)
<use logos/eupi_long.png>
Package pdftex.def Info: logos/eupi_long.png  used on input line 22.
(pdftex.def)             Requested size: 194.61719pt x 39.60202pt.
<logos/mobilex-2023-carre.jpg, id=177, 400.49625pt x 470.75874pt>
File: logos/mobilex-2023-carre.jpg Graphic file (type jpg)
<use logos/mobilex-2023-carre.jpg>
Package pdftex.def Info: logos/mobilex-2023-carre.jpg  used on input line 22.
(pdftex.def)             Requested size: 237.86636pt x 279.59851pt.
LaTeX Font Info:    Trying to load font information for OT1+lmr on input line 22.
 (/usr/share/texmf/tex/latex/lm/ot1lmr.fd
File: ot1lmr.fd 2009/10/30 v1.6 Font defs for Latin Modern
)
LaTeX Font Info:    Trying to load font information for OML+lmm on input line 22.
 (/usr/share/texmf/tex/latex/lm/omllmm.fd
File: omllmm.fd 2009/10/30 v1.6 Font defs for Latin Modern
)
LaTeX Font Info:    Trying to load font information for OMS+lmsy on input line 22.
 (/usr/share/texmf/tex/latex/lm/omslmsy.fd
File: omslmsy.fd 2009/10/30 v1.6 Font defs for Latin Modern
)
LaTeX Font Info:    Trying to load font information for OMX+lmex on input line 22.
 (/usr/share/texmf/tex/latex/lm/omxlmex.fd
File: omxlmex.fd 2009/10/30 v1.6 Font defs for Latin Modern
)
LaTeX Font Info:    External font `lmex10' loaded for size
(Font)              <12> on input line 22.
LaTeX Font Info:    External font `lmex10' loaded for size
(Font)              <8> on input line 22.
LaTeX Font Info:    External font `lmex10' loaded for size
(Font)              <6> on input line 22.
 [1

\openout4 = `main.ist'.


{/var/lib/texmf/fonts/map/pdftex/updmap/pdftex.map} <./logos/logo_sherpa.png> <./logos/logo_inrae.png> <./logos/logo_ip.png> <./logos/logo_polytech.png> <./logos/eupi_long.png> <./logos/mobilex-2023-carre.jpg>]
\scr@dte@section@maxnumwidth=\skip97
\scr@dte@subsection@maxnumwidth=\skip98
\scr@dte@subsubsection@maxnumwidth=\skip99
\scr@dte@paragraph@maxnumwidth=\skip100
LaTeX Font Info:    External font `lmex10' loaded for size
(Font)              <10.95> on input line 55.

Underfull \hbox (badness 10000) in paragraph at lines 53--56

 []


Underfull \hbox (badness 10000) in paragraph at lines 53--56

 []


Underfull \hbox (badness 10000) in paragraph at lines 68--71

 []


Underfull \hbox (badness 10000) in paragraph at lines 68--71

 []

File: logos/logo_sherpa.png Graphic file (type png)
<use logos/logo_sherpa.png>
Package pdftex.def Info: logos/logo_sherpa.png  used on input line 79.
(pdftex.def)             Requested size: 101.56209pt x 33.86768pt.
<logos/lhead_logos/logo_polytech_resized.png, id=192, 218.7372pt x 68.1747pt>
File: logos/lhead_logos/logo_polytech_resized.png Graphic file (type png)
<use logos/lhead_logos/logo_polytech_resized.png>
Package pdftex.def Info: logos/lhead_logos/logo_polytech_resized.png  used on input line 79.
(pdftex.def)             Requested size: 120.30582pt x 37.49619pt.
<logos/lhead_logos/eupi_long_resized.png, id=193, 596.9502pt x 117.0774pt>
File: logos/lhead_logos/eupi_long_resized.png Graphic file (type png)
<use logos/lhead_logos/eupi_long_resized.png>
Package pdftex.def Info: logos/lhead_logos/eupi_long_resized.png  used on input line 79.
(pdftex.def)             Requested size: 208.9357pt x 40.97769pt.

Package fancyhdr Warning: \headheight is too small (42.67912pt): 
(fancyhdr)                Make it at least 45.32773pt, for example:
(fancyhdr)                \setlength{\headheight}{45.32773pt}.
(fancyhdr)                You might also make \topmargin smaller to compensate:
(fancyhdr)                \addtolength{\topmargin}{-2.6486pt}.

pdfTeX warning (ext4): destination with the same identifier (name{page.1}) has been already used, duplicate ignored
<to be read again> 
                   \relax 
l.79 \newpage
              [1

 <./logos/lhead_logos/logo_polytech_resized.png> <./logos/lhead_logos/eupi_long_resized.png>]
Underfull \hbox (badness 10000) in paragraph at lines 82--87

 []


Underfull \hbox (badness 10000) in paragraph at lines 82--87

 []


Underfull \hbox (badness 10000) in paragraph at lines 82--87

 []


Underfull \hbox (badness 10000) in paragraph at lines 82--87

 []

File: logos/logo_sherpa.png Graphic file (type png)
<use logos/logo_sherpa.png>
Package pdftex.def Info: logos/logo_sherpa.png  used on input line 89.
(pdftex.def)             Requested size: 101.56209pt x 33.86768pt.
File: logos/lhead_logos/logo_polytech_resized.png Graphic file (type png)
<use logos/lhead_logos/logo_polytech_resized.png>
Package pdftex.def Info: logos/lhead_logos/logo_polytech_resized.png  used on input line 89.
(pdftex.def)             Requested size: 120.30582pt x 37.49619pt.
File: logos/lhead_logos/eupi_long_resized.png Graphic file (type png)
<use logos/lhead_logos/eupi_long_resized.png>
Package pdftex.def Info: logos/lhead_logos/eupi_long_resized.png  used on input line 89.
(pdftex.def)             Requested size: 208.9357pt x 40.97769pt.

Package fancyhdr Warning: \headheight is too small (42.67912pt): 
(fancyhdr)                Make it at least 45.32773pt, for example:
(fancyhdr)                \setlength{\headheight}{45.32773pt}.
(fancyhdr)                You might also make \topmargin smaller to compensate:
(fancyhdr)                \addtolength{\topmargin}{-2.6486pt}.

[2] (./main.toc
Package tocbasic Info: Using my definition of `\numberline' on input line 2.
Package tocbasic Info: Using my definition of `\numberline' on input line 3.
Package tocbasic Info: Using my definition of `\numberline' on input line 4.
Package tocbasic Info: Using my definition of `\numberline' on input line 21.
Package tocbasic Info: Using my definition of `\numberline' on input line 25.
Package tocbasic Info: Using my definition of `\numberline' on input line 36.
Package tocbasic Info: Using my definition of `\numberline' on input line 37.
Package tocbasic Info: Using my definition of `\numberline' on input line 38.
Package tocbasic Info: Using my definition of `\numberline' on input line 41.
Package tocbasic Info: Using my definition of `\numberline' on input line 44.
Package tocbasic Info: Using my definition of `\numberline' on input line 47.
Package tocbasic Info: Using my definition of `\numberline' on input line 53.
Package tocbasic Info: Using my definition of `\numberline' on input line 54.
Package tocbasic Info: Using my definition of `\numberline' on input line 55.
)
File: logos/logo_sherpa.png Graphic file (type png)
<use logos/logo_sherpa.png>
Package pdftex.def Info: logos/logo_sherpa.png  used on input line 96.
(pdftex.def)             Requested size: 101.56209pt x 33.86768pt.
File: logos/lhead_logos/logo_polytech_resized.png Graphic file (type png)
<use logos/lhead_logos/logo_polytech_resized.png>
Package pdftex.def Info: logos/lhead_logos/logo_polytech_resized.png  used on input line 96.
(pdftex.def)             Requested size: 120.30582pt x 37.49619pt.
File: logos/lhead_logos/eupi_long_resized.png Graphic file (type png)
<use logos/lhead_logos/eupi_long_resized.png>
Package pdftex.def Info: logos/lhead_logos/eupi_long_resized.png  used on input line 96.
(pdftex.def)             Requested size: 208.9357pt x 40.97769pt.


Package fancyhdr Warning: \headheight is too small (42.67912pt): 
(fancyhdr)                Make it at least 45.32773pt, for example:
(fancyhdr)                \setlength{\headheight}{45.32773pt}.
(fancyhdr)                You might also make \topmargin smaller to compensate:
(fancyhdr)                \addtolength{\topmargin}{-2.6486pt}.

[3] (./main.lof
File: logos/logo_sherpa.png Graphic file (type png)
<use logos/logo_sherpa.png>
Package pdftex.def Info: logos/logo_sherpa.png  used on input line 46.
(pdftex.def)             Requested size: 101.56209pt x 33.86768pt.
File: logos/lhead_logos/logo_polytech_resized.png Graphic file (type png)
<use logos/lhead_logos/logo_polytech_resized.png>
Package pdftex.def Info: logos/lhead_logos/logo_polytech_resized.png  used on input line 46.
(pdftex.def)             Requested size: 120.30582pt x 37.49619pt.
File: logos/lhead_logos/eupi_long_resized.png Graphic file (type png)
<use logos/lhead_logos/eupi_long_resized.png>
Package pdftex.def Info: logos/lhead_logos/eupi_long_resized.png  used on input line 46.
(pdftex.def)             Requested size: 208.9357pt x 40.97769pt.


Package fancyhdr Warning: \headheight is too small (42.67912pt): 
(fancyhdr)                Make it at least 45.32773pt, for example:
(fancyhdr)                \setlength{\headheight}{45.32773pt}.
(fancyhdr)                You might also make \topmargin smaller to compensate:
(fancyhdr)                \addtolength{\topmargin}{-2.6486pt}.

pdfTeX warning (ext4): destination with the same identifier (name{page.}) has been already used, duplicate ignored
<to be read again> 
                   \relax 
l.46 ...©ration de vidÃ©os\relax }}{51}{figure.45}
                                                  % [4])
\tf@lof=\write10
\openout10 = `main.lof'.

File: logos/logo_sherpa.png Graphic file (type png)
<use logos/logo_sherpa.png>
Package pdftex.def Info: logos/logo_sherpa.png  used on input line 99.
(pdftex.def)             Requested size: 101.56209pt x 33.86768pt.
File: logos/lhead_logos/logo_polytech_resized.png Graphic file (type png)
<use logos/lhead_logos/logo_polytech_resized.png>
Package pdftex.def Info: logos/lhead_logos/logo_polytech_resized.png  used on input line 99.
(pdftex.def)             Requested size: 120.30582pt x 37.49619pt.
File: logos/lhead_logos/eupi_long_resized.png Graphic file (type png)
<use logos/lhead_logos/eupi_long_resized.png>
Package pdftex.def Info: logos/lhead_logos/eupi_long_resized.png  used on input line 99.
(pdftex.def)             Requested size: 208.9357pt x 40.97769pt.


Package fancyhdr Warning: \headheight is too small (42.67912pt): 
(fancyhdr)                Make it at least 45.32773pt, for example:
(fancyhdr)                \setlength{\headheight}{45.32773pt}.
(fancyhdr)                You might also make \topmargin smaller to compensate:
(fancyhdr)                \addtolength{\topmargin}{-2.6486pt}.

pdfTeX warning (ext4): destination with the same identifier (name{page.}) has been already used, duplicate ignored
<to be read again> 
                   \relax 
l.99 \newpage
              [5] (./main.gls
Overfull \hbox (15.80957pt too wide) in paragraph at lines 5--5
[]\T1/lmr/m/n/12 Systèmes per-met-tant d'as-sis-ter le conduc-
 []


Overfull \hbox (8.35312pt too wide) in paragraph at lines 16--16
[]\T1/lmr/m/n/12 Environnement n'obéis-sant
 []

)
File: logos/logo_sherpa.png Graphic file (type png)
<use logos/logo_sherpa.png>
Package pdftex.def Info: logos/logo_sherpa.png  used on input line 105.
(pdftex.def)             Requested size: 101.56209pt x 33.86768pt.
File: logos/lhead_logos/logo_polytech_resized.png Graphic file (type png)
<use logos/lhead_logos/logo_polytech_resized.png>
Package pdftex.def Info: logos/lhead_logos/logo_polytech_resized.png  used on input line 105.
(pdftex.def)             Requested size: 120.30582pt x 37.49619pt.
File: logos/lhead_logos/eupi_long_resized.png Graphic file (type png)
<use logos/lhead_logos/eupi_long_resized.png>
Package pdftex.def Info: logos/lhead_logos/eupi_long_resized.png  used on input line 105.
(pdftex.def)             Requested size: 208.9357pt x 40.97769pt.


Package fancyhdr Warning: \headheight is too small (42.67912pt): 
(fancyhdr)                Make it at least 45.32773pt, for example:
(fancyhdr)                \setlength{\headheight}{45.32773pt}.
(fancyhdr)                You might also make \topmargin smaller to compensate:
(fancyhdr)                \addtolength{\topmargin}{-2.6486pt}.

pdfTeX warning (ext4): destination with the same identifier (name{page.}) has been already used, duplicate ignored
<to be read again> 
                   \relax 
l.105 \newpage
               [6] (./main.acr)
File: logos/logo_sherpa.png Graphic file (type png)
<use logos/logo_sherpa.png>
Package pdftex.def Info: logos/logo_sherpa.png  used on input line 113.
(pdftex.def)             Requested size: 101.56209pt x 33.86768pt.
File: logos/lhead_logos/logo_polytech_resized.png Graphic file (type png)
<use logos/lhead_logos/logo_polytech_resized.png>
Package pdftex.def Info: logos/lhead_logos/logo_polytech_resized.png  used on input line 113.
(pdftex.def)             Requested size: 120.30582pt x 37.49619pt.
File: logos/lhead_logos/eupi_long_resized.png Graphic file (type png)
<use logos/lhead_logos/eupi_long_resized.png>
Package pdftex.def Info: logos/lhead_logos/eupi_long_resized.png  used on input line 113.
(pdftex.def)             Requested size: 208.9357pt x 40.97769pt.


Package fancyhdr Warning: \headheight is too small (42.67912pt): 
(fancyhdr)                Make it at least 45.32773pt, for example:
(fancyhdr)                \setlength{\headheight}{45.32773pt}.
(fancyhdr)                You might also make \topmargin smaller to compensate:
(fancyhdr)                \addtolength{\topmargin}{-2.6486pt}.

pdfTeX warning (ext4): destination with the same identifier (name{page.}) has been already used, duplicate ignored
<to be read again> 
                   \relax 
l.113 \newpage
               [7] (./Introduction/Intro.tex)
File: logos/logo_sherpa.png Graphic file (type png)
<use logos/logo_sherpa.png>
Package pdftex.def Info: logos/logo_sherpa.png  used on input line 124.
(pdftex.def)             Requested size: 101.56209pt x 33.86768pt.
File: logos/lhead_logos/logo_polytech_resized.png Graphic file (type png)
<use logos/lhead_logos/logo_polytech_resized.png>
Package pdftex.def Info: logos/lhead_logos/logo_polytech_resized.png  used on input line 124.
(pdftex.def)             Requested size: 120.30582pt x 37.49619pt.
File: logos/lhead_logos/eupi_long_resized.png Graphic file (type png)
<use logos/lhead_logos/eupi_long_resized.png>
Package pdftex.def Info: logos/lhead_logos/eupi_long_resized.png  used on input line 124.
(pdftex.def)             Requested size: 208.9357pt x 40.97769pt.


Package fancyhdr Warning: \headheight is too small (42.67912pt): 
(fancyhdr)                Make it at least 45.32773pt, for example:
(fancyhdr)                \setlength{\headheight}{45.32773pt}.
(fancyhdr)                You might also make \topmargin smaller to compensate:
(fancyhdr)                \addtolength{\topmargin}{-2.6486pt}.

pdfTeX warning (ext4): destination with the same identifier (name{page.1}) has been already used, duplicate ignored
<to be read again> 
                   \relax 
l.124 \newpage
               [1] (./Corps_rapport/Corps.tex (./Corps_rapport/entreprise.tex
LaTeX Font Info:    Trying to load font information for TS1+lmr on input line 3.
 (/usr/share/texmf/tex/latex/lm/ts1lmr.fd
File: ts1lmr.fd 2009/10/30 v1.6 Font defs for Latin Modern
)
<Corps_rapport/sherpa.png, id=393, 1393.205pt x 930.47626pt>
File: Corps_rapport/sherpa.png Graphic file (type png)
<use Corps_rapport/sherpa.png>
Package pdftex.def Info: Corps_rapport/sherpa.png  used on input line 7.
(pdftex.def)             Requested size: 483.69687pt x 323.04495pt.


Package caption Warning: The option `hypcap=true' will be ignored for this
(caption)                particular \caption on input line 8.
See the caption package documentation for explanation.


Underfull \hbox (badness 10000) in paragraph at lines 11--13

 []


Underfull \hbox (badness 10000) in paragraph at lines 17--18

 []

<Corps_rapport/Organigramme_SHERPA.png, id=395, 770.88pt x 578.16pt>
File: Corps_rapport/Organigramme_SHERPA.png Graphic file (type png)
<use Corps_rapport/Organigramme_SHERPA.png>
Package pdftex.def Info: Corps_rapport/Organigramme_SHERPA.png  used on input line 21.
(pdftex.def)             Requested size: 483.69687pt x 362.76945pt.

Package caption Warning: The option `hypcap=true' will be ignored for this
(caption)                particular \caption on input line 22.
See the caption package documentation for explanation.

File: logos/logo_sherpa.png Graphic file (type png)
<use logos/logo_sherpa.png>
Package pdftex.def Info: logos/logo_sherpa.png  used on input line 22.
(pdftex.def)             Requested size: 101.56209pt x 33.86768pt.
File: logos/lhead_logos/logo_polytech_resized.png Graphic file (type png)
<use logos/lhead_logos/logo_polytech_resized.png>
Package pdftex.def Info: logos/lhead_logos/logo_polytech_resized.png  used on input line 22.
(pdftex.def)             Requested size: 120.30582pt x 37.49619pt.
File: logos/lhead_logos/eupi_long_resized.png Graphic file (type png)
<use logos/lhead_logos/eupi_long_resized.png>
Package pdftex.def Info: logos/lhead_logos/eupi_long_resized.png  used on input line 22.
(pdftex.def)             Requested size: 208.9357pt x 40.97769pt.

Package fancyhdr Warning: \headheight is too small (42.67912pt): 
(fancyhdr)                Make it at least 45.32773pt, for example:
(fancyhdr)                \setlength{\headheight}{45.32773pt}.
(fancyhdr)                You might also make \topmargin smaller to compensate:
(fancyhdr)                \addtolength{\topmargin}{-2.6486pt}.

pdfTeX warning (ext4): destination with the same identifier (name{page.2}) has been already used, duplicate ignored
<to be read again> 
                   \relax 
l.22 ...igure}{Organigramme de SHERPA Engineering}
                                                   [2 <./Corps_rapport/sherpa.png (PNG copy)>])
File: logos/logo_sherpa.png Graphic file (type png)
<use logos/logo_sherpa.png>
Package pdftex.def Info: logos/logo_sherpa.png  used on input line 2.
(pdftex.def)             Requested size: 101.56209pt x 33.86768pt.
File: logos/lhead_logos/logo_polytech_resized.png Graphic file (type png)
<use logos/lhead_logos/logo_polytech_resized.png>
Package pdftex.def Info: logos/lhead_logos/logo_polytech_resized.png  used on input line 2.
(pdftex.def)             Requested size: 120.30582pt x 37.49619pt.
File: logos/lhead_logos/eupi_long_resized.png Graphic file (type png)
<use logos/lhead_logos/eupi_long_resized.png>
Package pdftex.def Info: logos/lhead_logos/eupi_long_resized.png  used on input line 2.
(pdftex.def)             Requested size: 208.9357pt x 40.97769pt.


Package fancyhdr Warning: \headheight is too small (42.67912pt): 
(fancyhdr)                Make it at least 45.32773pt, for example:
(fancyhdr)                \setlength{\headheight}{45.32773pt}.
(fancyhdr)                You might also make \topmargin smaller to compensate:
(fancyhdr)                \addtolength{\topmargin}{-2.6486pt}.

[3 <./Corps_rapport/Organigramme_SHERPA.png (PNG copy)>] (./Corps_rapport/Chapitre1.tex
<Corps_rapport/Liste_consortiums.png, id=406, 770.88pt x 578.16pt>
File: Corps_rapport/Liste_consortiums.png Graphic file (type png)
<use Corps_rapport/Liste_consortiums.png>
Package pdftex.def Info: Corps_rapport/Liste_consortiums.png  used on input line 8.
(pdftex.def)             Requested size: 507.88318pt x 380.90749pt.

Overfull \hbox (24.18631pt too wide) in paragraph at lines 8--9
 [][] 
 []

<Corps_rapport/Organisateurs_challenge_mobilex.png, id=408, 1279.78125pt x 177.66376pt>
File: Corps_rapport/Organisateurs_challenge_mobilex.png Graphic file (type png)
<use Corps_rapport/Organisateurs_challenge_mobilex.png>
Package pdftex.def Info: Corps_rapport/Organisateurs_challenge_mobilex.png  used on input line 19.
(pdftex.def)             Requested size: 507.88318pt x 70.50578pt.

Overfull \hbox (24.18631pt too wide) in paragraph at lines 19--20
 [][] 
 []

File: logos/logo_sherpa.png Graphic file (type png)
<use logos/logo_sherpa.png>
Package pdftex.def Info: logos/logo_sherpa.png  used on input line 23.
(pdftex.def)             Requested size: 101.56209pt x 33.86768pt.
File: logos/lhead_logos/logo_polytech_resized.png Graphic file (type png)
<use logos/lhead_logos/logo_polytech_resized.png>
Package pdftex.def Info: logos/lhead_logos/logo_polytech_resized.png  used on input line 23.
(pdftex.def)             Requested size: 120.30582pt x 37.49619pt.
File: logos/lhead_logos/eupi_long_resized.png Graphic file (type png)
<use logos/lhead_logos/eupi_long_resized.png>
Package pdftex.def Info: logos/lhead_logos/eupi_long_resized.png  used on input line 23.
(pdftex.def)             Requested size: 208.9357pt x 40.97769pt.

Package fancyhdr Warning: \headheight is too small (42.67912pt): 
(fancyhdr)                Make it at least 45.32773pt, for example:
(fancyhdr)                \setlength{\headheight}{45.32773pt}.
(fancyhdr)                You might also make \topmargin smaller to compensate:
(fancyhdr)                \addtolength{\topmargin}{-2.6486pt}.

[4 <./Corps_rapport/Liste_consortiums.png (PNG copy)>]
<Corps_rapport/timeline_defi.png, id=415, 1565.85pt x 417.56pt>
File: Corps_rapport/timeline_defi.png Graphic file (type png)
<use Corps_rapport/timeline_defi.png>
Package pdftex.def Info: Corps_rapport/timeline_defi.png  used on input line 29.
(pdftex.def)             Requested size: 507.88318pt x 135.43141pt.

Overfull \hbox (24.18631pt too wide) in paragraph at lines 29--30
 [][] 
 []


Underfull \hbox (badness 10000) in paragraph at lines 38--39

 []


Underfull \hbox (badness 10000) in paragraph at lines 45--46

 []


Underfull \hbox (badness 10000) in paragraph at lines 48--49

 []

File: logos/logo_sherpa.png Graphic file (type png)
<use logos/logo_sherpa.png>
Package pdftex.def Info: logos/logo_sherpa.png  used on input line 55.
(pdftex.def)             Requested size: 101.56209pt x 33.86768pt.
File: logos/lhead_logos/logo_polytech_resized.png Graphic file (type png)
<use logos/lhead_logos/logo_polytech_resized.png>
Package pdftex.def Info: logos/lhead_logos/logo_polytech_resized.png  used on input line 55.
(pdftex.def)             Requested size: 120.30582pt x 37.49619pt.
File: logos/lhead_logos/eupi_long_resized.png Graphic file (type png)
<use logos/lhead_logos/eupi_long_resized.png>
Package pdftex.def Info: logos/lhead_logos/eupi_long_resized.png  used on input line 55.
(pdftex.def)             Requested size: 208.9357pt x 40.97769pt.

Package fancyhdr Warning: \headheight is too small (42.67912pt): 
(fancyhdr)                Make it at least 45.32773pt, for example:
(fancyhdr)                \setlength{\headheight}{45.32773pt}.
(fancyhdr)                You might also make \topmargin smaller to compensate:
(fancyhdr)                \addtolength{\topmargin}{-2.6486pt}.

[5 <./Corps_rapport/Organisateurs_challenge_mobilex.png> <./Corps_rapport/timeline_defi.png>]
Underfull \hbox (badness 10000) in paragraph at lines 56--57

 []


Underfull \hbox (badness 10000) in paragraph at lines 59--60

 []


Underfull \hbox (badness 10000) in paragraph at lines 66--67

 []


Underfull \hbox (badness 10000) in paragraph at lines 69--70

 []


LaTeX Warning: `!h' float specifier changed to `!ht'.

File: logos/logo_sherpa.png Graphic file (type png)
<use logos/logo_sherpa.png>
Package pdftex.def Info: logos/logo_sherpa.png  used on input line 110.
(pdftex.def)             Requested size: 101.56209pt x 33.86768pt.
File: logos/lhead_logos/logo_polytech_resized.png Graphic file (type png)
<use logos/lhead_logos/logo_polytech_resized.png>
Package pdftex.def Info: logos/lhead_logos/logo_polytech_resized.png  used on input line 110.
(pdftex.def)             Requested size: 120.30582pt x 37.49619pt.
File: logos/lhead_logos/eupi_long_resized.png Graphic file (type png)
<use logos/lhead_logos/eupi_long_resized.png>
Package pdftex.def Info: logos/lhead_logos/eupi_long_resized.png  used on input line 110.
(pdftex.def)             Requested size: 208.9357pt x 40.97769pt.

Package fancyhdr Warning: \headheight is too small (42.67912pt): 
(fancyhdr)                Make it at least 45.32773pt, for example:
(fancyhdr)                \setlength{\headheight}{45.32773pt}.
(fancyhdr)                You might also make \topmargin smaller to compensate:
(fancyhdr)                \addtolength{\topmargin}{-2.6486pt}.

[6]
<Corps_rapport/Gestion_pentes.png, id=434, 1113.15875pt x 400.49625pt>
File: Corps_rapport/Gestion_pentes.png Graphic file (type png)
<use Corps_rapport/Gestion_pentes.png>
Package pdftex.def Info: Corps_rapport/Gestion_pentes.png  used on input line 116.
(pdftex.def)             Requested size: 507.88318pt x 182.72719pt.

Overfull \hbox (24.18631pt too wide) in paragraph at lines 116--117
 [][] 
 []


Underfull \hbox (badness 10000) in paragraph at lines 125--126

 []

File: logos/logo_sherpa.png Graphic file (type png)
<use logos/logo_sherpa.png>
Package pdftex.def Info: logos/logo_sherpa.png  used on input line 126.
(pdftex.def)             Requested size: 101.56209pt x 33.86768pt.
File: logos/lhead_logos/logo_polytech_resized.png Graphic file (type png)
<use logos/lhead_logos/logo_polytech_resized.png>
Package pdftex.def Info: logos/lhead_logos/logo_polytech_resized.png  used on input line 126.
(pdftex.def)             Requested size: 120.30582pt x 37.49619pt.
File: logos/lhead_logos/eupi_long_resized.png Graphic file (type png)
<use logos/lhead_logos/eupi_long_resized.png>
Package pdftex.def Info: logos/lhead_logos/eupi_long_resized.png  used on input line 126.
(pdftex.def)             Requested size: 208.9357pt x 40.97769pt.

Package fancyhdr Warning: \headheight is too small (42.67912pt): 
(fancyhdr)                Make it at least 45.32773pt, for example:
(fancyhdr)                \setlength{\headheight}{45.32773pt}.
(fancyhdr)                You might also make \topmargin smaller to compensate:
(fancyhdr)                \addtolength{\topmargin}{-2.6486pt}.

[7 <./Corps_rapport/Gestion_pentes.png>]
Underfull \hbox (badness 10000) in paragraph at lines 130--131

 []

File: logos/logo_sherpa.png Graphic file (type png)
<use logos/logo_sherpa.png>
Package pdftex.def Info: logos/logo_sherpa.png  used on input line 149.
(pdftex.def)             Requested size: 101.56209pt x 33.86768pt.
File: logos/lhead_logos/logo_polytech_resized.png Graphic file (type png)
<use logos/lhead_logos/logo_polytech_resized.png>
Package pdftex.def Info: logos/lhead_logos/logo_polytech_resized.png  used on input line 149.
(pdftex.def)             Requested size: 120.30582pt x 37.49619pt.
File: logos/lhead_logos/eupi_long_resized.png Graphic file (type png)
<use logos/lhead_logos/eupi_long_resized.png>
Package pdftex.def Info: logos/lhead_logos/eupi_long_resized.png  used on input line 149.
(pdftex.def)             Requested size: 208.9357pt x 40.97769pt.

Package fancyhdr Warning: \headheight is too small (42.67912pt): 
(fancyhdr)                Make it at least 45.32773pt, for example:
(fancyhdr)                \setlength{\headheight}{45.32773pt}.
(fancyhdr)                You might also make \topmargin smaller to compensate:
(fancyhdr)                \addtolength{\topmargin}{-2.6486pt}.

[8]
File: logos/logo_sherpa.png Graphic file (type png)
<use logos/logo_sherpa.png>
Package pdftex.def Info: logos/logo_sherpa.png  used on input line 169.
(pdftex.def)             Requested size: 101.56209pt x 33.86768pt.
File: logos/lhead_logos/logo_polytech_resized.png Graphic file (type png)
<use logos/lhead_logos/logo_polytech_resized.png>
Package pdftex.def Info: logos/lhead_logos/logo_polytech_resized.png  used on input line 169.
(pdftex.def)             Requested size: 120.30582pt x 37.49619pt.
File: logos/lhead_logos/eupi_long_resized.png Graphic file (type png)
<use logos/lhead_logos/eupi_long_resized.png>
Package pdftex.def Info: logos/lhead_logos/eupi_long_resized.png  used on input line 169.
(pdftex.def)             Requested size: 208.9357pt x 40.97769pt.


Package fancyhdr Warning: \headheight is too small (42.67912pt): 
(fancyhdr)                Make it at least 45.32773pt, for example:
(fancyhdr)                \setlength{\headheight}{45.32773pt}.
(fancyhdr)                You might also make \topmargin smaller to compensate:
(fancyhdr)                \addtolength{\topmargin}{-2.6486pt}.

[9]
<Corps_rapport/barakuda.jpg, id=458, 4047.12pt x 3035.34pt>
File: Corps_rapport/barakuda.jpg Graphic file (type jpg)
<use Corps_rapport/barakuda.jpg>
Package pdftex.def Info: Corps_rapport/barakuda.jpg  used on input line 179.
(pdftex.def)             Requested size: 241.84843pt x 181.37149pt.
File: logos/logo_sherpa.png Graphic file (type png)
<use logos/logo_sherpa.png>
Package pdftex.def Info: logos/logo_sherpa.png  used on input line 189.
(pdftex.def)             Requested size: 101.56209pt x 33.86768pt.
File: logos/lhead_logos/logo_polytech_resized.png Graphic file (type png)
<use logos/lhead_logos/logo_polytech_resized.png>
Package pdftex.def Info: logos/lhead_logos/logo_polytech_resized.png  used on input line 189.
(pdftex.def)             Requested size: 120.30582pt x 37.49619pt.
File: logos/lhead_logos/eupi_long_resized.png Graphic file (type png)
<use logos/lhead_logos/eupi_long_resized.png>
Package pdftex.def Info: logos/lhead_logos/eupi_long_resized.png  used on input line 189.
(pdftex.def)             Requested size: 208.9357pt x 40.97769pt.


Package fancyhdr Warning: \headheight is too small (42.67912pt): 
(fancyhdr)                Make it at least 45.32773pt, for example:
(fancyhdr)                \setlength{\headheight}{45.32773pt}.
(fancyhdr)                You might also make \topmargin smaller to compensate:
(fancyhdr)                \addtolength{\topmargin}{-2.6486pt}.

[10 <./Corps_rapport/barakuda.jpg>]
<Corps_rapport/Plateau_hardware.png, id=464, 939.51pt x 625.33624pt>
File: Corps_rapport/Plateau_hardware.png Graphic file (type png)
<use Corps_rapport/Plateau_hardware.png>
Package pdftex.def Info: Corps_rapport/Plateau_hardware.png  used on input line 192.
(pdftex.def)             Requested size: 338.58632pt x 225.35942pt.
File: logos/logo_sherpa.png Graphic file (type png)
<use logos/logo_sherpa.png>
Package pdftex.def Info: logos/logo_sherpa.png  used on input line 209.
(pdftex.def)             Requested size: 101.56209pt x 33.86768pt.
File: logos/lhead_logos/logo_polytech_resized.png Graphic file (type png)
<use logos/lhead_logos/logo_polytech_resized.png>
Package pdftex.def Info: logos/lhead_logos/logo_polytech_resized.png  used on input line 209.
(pdftex.def)             Requested size: 120.30582pt x 37.49619pt.
File: logos/lhead_logos/eupi_long_resized.png Graphic file (type png)
<use logos/lhead_logos/eupi_long_resized.png>
Package pdftex.def Info: logos/lhead_logos/eupi_long_resized.png  used on input line 209.
(pdftex.def)             Requested size: 208.9357pt x 40.97769pt.


Package fancyhdr Warning: \headheight is too small (42.67912pt): 
(fancyhdr)                Make it at least 45.32773pt, for example:
(fancyhdr)                \setlength{\headheight}{45.32773pt}.
(fancyhdr)                You might also make \topmargin smaller to compensate:
(fancyhdr)                \addtolength{\topmargin}{-2.6486pt}.

[11 <./Corps_rapport/Plateau_hardware.png>]
<Corps_rapport/PCC.jpg, id=474, 4047.12pt x 3035.34pt>
File: Corps_rapport/PCC.jpg Graphic file (type jpg)
<use Corps_rapport/PCC.jpg>
Package pdftex.def Info: Corps_rapport/PCC.jpg  used on input line 228.
(pdftex.def)             Requested size: 241.84843pt x 181.37149pt.
File: logos/logo_sherpa.png Graphic file (type png)
<use logos/logo_sherpa.png>
Package pdftex.def Info: logos/logo_sherpa.png  used on input line 232.
(pdftex.def)             Requested size: 101.56209pt x 33.86768pt.
File: logos/lhead_logos/logo_polytech_resized.png Graphic file (type png)
<use logos/lhead_logos/logo_polytech_resized.png>
Package pdftex.def Info: logos/lhead_logos/logo_polytech_resized.png  used on input line 232.
(pdftex.def)             Requested size: 120.30582pt x 37.49619pt.
File: logos/lhead_logos/eupi_long_resized.png Graphic file (type png)
<use logos/lhead_logos/eupi_long_resized.png>
Package pdftex.def Info: logos/lhead_logos/eupi_long_resized.png  used on input line 232.
(pdftex.def)             Requested size: 208.9357pt x 40.97769pt.


Package fancyhdr Warning: \headheight is too small (42.67912pt): 
(fancyhdr)                Make it at least 45.32773pt, for example:
(fancyhdr)                \setlength{\headheight}{45.32773pt}.
(fancyhdr)                You might also make \topmargin smaller to compensate:
(fancyhdr)                \addtolength{\topmargin}{-2.6486pt}.

[12]
<Corps_rapport/Architecture_systÃ¨me.png, id=486, 770.88pt x 578.16pt>
File: Corps_rapport/Architecture_systÃ¨me.png Graphic file (type png)
<use Corps_rapport/Architecture_systÃ¨me.png>
Package pdftex.def Info: Corps_rapport/Architecture_systÃ¨me.png  used on input line 235.
(pdftex.def)             Requested size: 483.69687pt x 362.76945pt.


Package caption Warning: The option `hypcap=true' will be ignored for this
(caption)                particular \caption on input line 236.
See the caption package documentation for explanation.

File: logos/logo_sherpa.png Graphic file (type png)
<use logos/logo_sherpa.png>
Package pdftex.def Info: logos/logo_sherpa.png  used on input line 242.
(pdftex.def)             Requested size: 101.56209pt x 33.86768pt.
File: logos/lhead_logos/logo_polytech_resized.png Graphic file (type png)
<use logos/lhead_logos/logo_polytech_resized.png>
Package pdftex.def Info: logos/lhead_logos/logo_polytech_resized.png  used on input line 242.
(pdftex.def)             Requested size: 120.30582pt x 37.49619pt.
File: logos/lhead_logos/eupi_long_resized.png Graphic file (type png)
<use logos/lhead_logos/eupi_long_resized.png>
Package pdftex.def Info: logos/lhead_logos/eupi_long_resized.png  used on input line 242.
(pdftex.def)             Requested size: 208.9357pt x 40.97769pt.

Package fancyhdr Warning: \headheight is too small (42.67912pt): 
(fancyhdr)                Make it at least 45.32773pt, for example:
(fancyhdr)                \setlength{\headheight}{45.32773pt}.
(fancyhdr)                You might also make \topmargin smaller to compensate:
(fancyhdr)                \addtolength{\topmargin}{-2.6486pt}.

[13 <./Corps_rapport/PCC.jpg> <./Corps_rapport/Architecture_systÃ¨me.png (PNG copy)>]
<Corps_rapport/gazebo_sim.png, id=493, 1565.85pt x 887.315pt>
File: Corps_rapport/gazebo_sim.png Graphic file (type png)
<use Corps_rapport/gazebo_sim.png>
Package pdftex.def Info: Corps_rapport/gazebo_sim.png  used on input line 244.
(pdftex.def)             Requested size: 483.69687pt x 274.08998pt.


Package caption Warning: The option `hypcap=true' will be ignored for this
(caption)                particular \caption on input line 245.
See the caption package documentation for explanation.

)
File: logos/logo_sherpa.png Graphic file (type png)
<use logos/logo_sherpa.png>
Package pdftex.def Info: logos/logo_sherpa.png  used on input line 4.
(pdftex.def)             Requested size: 101.56209pt x 33.86768pt.
File: logos/lhead_logos/logo_polytech_resized.png Graphic file (type png)
<use logos/lhead_logos/logo_polytech_resized.png>
Package pdftex.def Info: logos/lhead_logos/logo_polytech_resized.png  used on input line 4.
(pdftex.def)             Requested size: 120.30582pt x 37.49619pt.
File: logos/lhead_logos/eupi_long_resized.png Graphic file (type png)
<use logos/lhead_logos/eupi_long_resized.png>
Package pdftex.def Info: logos/lhead_logos/eupi_long_resized.png  used on input line 4.
(pdftex.def)             Requested size: 208.9357pt x 40.97769pt.


Package fancyhdr Warning: \headheight is too small (42.67912pt): 
(fancyhdr)                Make it at least 45.32773pt, for example:
(fancyhdr)                \setlength{\headheight}{45.32773pt}.
(fancyhdr)                You might also make \topmargin smaller to compensate:
(fancyhdr)                \addtolength{\topmargin}{-2.6486pt}.

[14 <./Corps_rapport/gazebo_sim.png>] (./Corps_rapport/Chapitre2.tex
Underfull \hbox (badness 10000) in paragraph at lines 2--4

 []


Underfull \hbox (badness 10000) in paragraph at lines 10--11

 []

<Corps_rapport/architecture_logicielle.png, id=500, 1059.96pt x 638.385pt>
File: Corps_rapport/architecture_logicielle.png Graphic file (type png)
<use Corps_rapport/architecture_logicielle.png>
Package pdftex.def Info: Corps_rapport/architecture_logicielle.png  used on input line 15.
(pdftex.def)             Requested size: 483.69687pt x 291.32283pt.

Package caption Warning: The option `hypcap=true' will be ignored for this
(caption)                particular \caption on input line 16.
See the caption package documentation for explanation.

File: logos/logo_sherpa.png Graphic file (type png)
<use logos/logo_sherpa.png>
Package pdftex.def Info: logos/logo_sherpa.png  used on input line 23.
(pdftex.def)             Requested size: 101.56209pt x 33.86768pt.
File: logos/lhead_logos/logo_polytech_resized.png Graphic file (type png)
<use logos/lhead_logos/logo_polytech_resized.png>
Package pdftex.def Info: logos/lhead_logos/logo_polytech_resized.png  used on input line 23.
(pdftex.def)             Requested size: 120.30582pt x 37.49619pt.
File: logos/lhead_logos/eupi_long_resized.png Graphic file (type png)
<use logos/lhead_logos/eupi_long_resized.png>
Package pdftex.def Info: logos/lhead_logos/eupi_long_resized.png  used on input line 23.
(pdftex.def)             Requested size: 208.9357pt x 40.97769pt.

Package fancyhdr Warning: \headheight is too small (42.67912pt): 
(fancyhdr)                Make it at least 45.32773pt, for example:
(fancyhdr)                \setlength{\headheight}{45.32773pt}.
(fancyhdr)                You might also make \topmargin smaller to compensate:
(fancyhdr)                \addtolength{\topmargin}{-2.6486pt}.

[15 <./Corps_rapport/architecture_logicielle.png>]
Underfull \hbox (badness 10000) in paragraph at lines 24--25

 []

<Corps_rapport/MNE.png, id=507, 301.8778pt x 301.8778pt>
File: Corps_rapport/MNE.png Graphic file (type png)
<use Corps_rapport/MNE.png>
Package pdftex.def Info: Corps_rapport/MNE.png  used on input line 29.
(pdftex.def)             Requested size: 193.47578pt x 193.4729pt.

Package caption Warning: The option `hypcap=true' will be ignored for this
(caption)                particular \caption on input line 30.
See the caption package documentation for explanation.

File: logos/logo_sherpa.png Graphic file (type png)
<use logos/logo_sherpa.png>
Package pdftex.def Info: logos/logo_sherpa.png  used on input line 37.
(pdftex.def)             Requested size: 101.56209pt x 33.86768pt.
File: logos/lhead_logos/logo_polytech_resized.png Graphic file (type png)
<use logos/lhead_logos/logo_polytech_resized.png>
Package pdftex.def Info: logos/lhead_logos/logo_polytech_resized.png  used on input line 37.
(pdftex.def)             Requested size: 120.30582pt x 37.49619pt.
File: logos/lhead_logos/eupi_long_resized.png Graphic file (type png)
<use logos/lhead_logos/eupi_long_resized.png>
Package pdftex.def Info: logos/lhead_logos/eupi_long_resized.png  used on input line 37.
(pdftex.def)             Requested size: 208.9357pt x 40.97769pt.

Package fancyhdr Warning: \headheight is too small (42.67912pt): 
(fancyhdr)                Make it at least 45.32773pt, for example:
(fancyhdr)                \setlength{\headheight}{45.32773pt}.
(fancyhdr)                You might also make \topmargin smaller to compensate:
(fancyhdr)                \addtolength{\topmargin}{-2.6486pt}.

[16 <./Corps_rapport/MNE.png (PNG copy)>]
<Corps_rapport/Carte_obstacles.png, id=513, 851.18pt x 835.12pt>
File: Corps_rapport/Carte_obstacles.png Graphic file (type png)
<use Corps_rapport/Carte_obstacles.png>
Package pdftex.def Info: Corps_rapport/Carte_obstacles.png  used on input line 39.
(pdftex.def)             Requested size: 193.47578pt x 189.81805pt.


Package caption Warning: The option `hypcap=true' will be ignored for this
(caption)                particular \caption on input line 40.
See the caption package documentation for explanation.


Underfull \hbox (badness 10000) in paragraph at lines 56--57

 []


Underfull \hbox (badness 10000) in paragraph at lines 74--75

 []

File: logos/logo_sherpa.png Graphic file (type png)
<use logos/logo_sherpa.png>
Package pdftex.def Info: logos/logo_sherpa.png  used on input line 80.
(pdftex.def)             Requested size: 101.56209pt x 33.86768pt.
File: logos/lhead_logos/logo_polytech_resized.png Graphic file (type png)
<use logos/lhead_logos/logo_polytech_resized.png>
Package pdftex.def Info: logos/lhead_logos/logo_polytech_resized.png  used on input line 80.
(pdftex.def)             Requested size: 120.30582pt x 37.49619pt.
File: logos/lhead_logos/eupi_long_resized.png Graphic file (type png)
<use logos/lhead_logos/eupi_long_resized.png>
Package pdftex.def Info: logos/lhead_logos/eupi_long_resized.png  used on input line 80.
(pdftex.def)             Requested size: 208.9357pt x 40.97769pt.

Package fancyhdr Warning: \headheight is too small (42.67912pt): 
(fancyhdr)                Make it at least 45.32773pt, for example:
(fancyhdr)                \setlength{\headheight}{45.32773pt}.
(fancyhdr)                You might also make \topmargin smaller to compensate:
(fancyhdr)                \addtolength{\topmargin}{-2.6486pt}.

[17 <./Corps_rapport/Carte_obstacles.png>]
Underfull \hbox (badness 10000) in paragraph at lines 84--85

 []


Underfull \hbox (badness 10000) in paragraph at lines 86--87

 []


Underfull \hbox (badness 10000) in paragraph at lines 94--95

 []


Underfull \hbox (badness 10000) in paragraph at lines 96--97

 []

File: logos/logo_sherpa.png Graphic file (type png)
<use logos/logo_sherpa.png>
Package pdftex.def Info: logos/logo_sherpa.png  used on input line 100.
(pdftex.def)             Requested size: 101.56209pt x 33.86768pt.
File: logos/lhead_logos/logo_polytech_resized.png Graphic file (type png)
<use logos/lhead_logos/logo_polytech_resized.png>
Package pdftex.def Info: logos/lhead_logos/logo_polytech_resized.png  used on input line 100.
(pdftex.def)             Requested size: 120.30582pt x 37.49619pt.
File: logos/lhead_logos/eupi_long_resized.png Graphic file (type png)
<use logos/lhead_logos/eupi_long_resized.png>
Package pdftex.def Info: logos/lhead_logos/eupi_long_resized.png  used on input line 100.
(pdftex.def)             Requested size: 208.9357pt x 40.97769pt.

Package fancyhdr Warning: \headheight is too small (42.67912pt): 
(fancyhdr)                Make it at least 45.32773pt, for example:
(fancyhdr)                \setlength{\headheight}{45.32773pt}.
(fancyhdr)                You might also make \topmargin smaller to compensate:
(fancyhdr)                \addtolength{\topmargin}{-2.6486pt}.

[18]
<Corps_rapport/plan1.pdf, id=548, 230.86752pt x 230.86752pt>
File: Corps_rapport/plan1.pdf Graphic file (type pdf)
<use Corps_rapport/plan1.pdf>
Package pdftex.def Info: Corps_rapport/plan1.pdf  used on input line 106.
(pdftex.def)             Requested size: 232.17242pt x 232.1774pt.
<Corps_rapport/plan2.pdf, id=549, 230.86752pt x 230.86752pt>
File: Corps_rapport/plan2.pdf Graphic file (type pdf)
<use Corps_rapport/plan2.pdf>
Package pdftex.def Info: Corps_rapport/plan2.pdf  used on input line 113.
(pdftex.def)             Requested size: 232.17242pt x 232.1774pt.
<Corps_rapport/plan3.pdf, id=550, 230.86752pt x 230.86752pt>
File: Corps_rapport/plan3.pdf Graphic file (type pdf)
<use Corps_rapport/plan3.pdf>
Package pdftex.def Info: Corps_rapport/plan3.pdf  used on input line 120.
(pdftex.def)             Requested size: 232.17242pt x 232.1774pt.
<Corps_rapport/plan4.pdf, id=551, 230.86752pt x 230.86752pt>
File: Corps_rapport/plan4.pdf Graphic file (type pdf)
<use Corps_rapport/plan4.pdf>
Package pdftex.def Info: Corps_rapport/plan4.pdf  used on input line 127.
(pdftex.def)             Requested size: 232.17242pt x 232.1774pt.

Underfull \hbox (badness 10000) in paragraph at lines 135--137

 []


Underfull \hbox (badness 10000) in paragraph at lines 142--143

 []

File: logos/logo_sherpa.png Graphic file (type png)
<use logos/logo_sherpa.png>
Package pdftex.def Info: logos/logo_sherpa.png  used on input line 147.
(pdftex.def)             Requested size: 101.56209pt x 33.86768pt.
File: logos/lhead_logos/logo_polytech_resized.png Graphic file (type png)
<use logos/lhead_logos/logo_polytech_resized.png>
Package pdftex.def Info: logos/lhead_logos/logo_polytech_resized.png  used on input line 147.
(pdftex.def)             Requested size: 120.30582pt x 37.49619pt.
File: logos/lhead_logos/eupi_long_resized.png Graphic file (type png)
<use logos/lhead_logos/eupi_long_resized.png>
Package pdftex.def Info: logos/lhead_logos/eupi_long_resized.png  used on input line 147.
(pdftex.def)             Requested size: 208.9357pt x 40.97769pt.

Package fancyhdr Warning: \headheight is too small (42.67912pt): 
(fancyhdr)                Make it at least 45.32773pt, for example:
(fancyhdr)                \setlength{\headheight}{45.32773pt}.
(fancyhdr)                You might also make \topmargin smaller to compensate:
(fancyhdr)                \addtolength{\topmargin}{-2.6486pt}.

[19 <./Corps_rapport/plan1.pdf> <./Corps_rapport/plan2.pdf> <./Corps_rapport/plan3.pdf> <./Corps_rapport/plan4.pdf>]
<Corps_rapport/costmap.png, id=581, 301.125pt x 301.125pt>
File: Corps_rapport/costmap.png Graphic file (type png)
<use Corps_rapport/costmap.png>
Package pdftex.def Info: Corps_rapport/costmap.png  used on input line 149.
(pdftex.def)             Requested size: 193.47578pt x 193.48207pt.


Package caption Warning: The option `hypcap=true' will be ignored for this
(caption)                particular \caption on input line 150.
See the caption package documentation for explanation.

File: logos/logo_sherpa.png Graphic file (type png)
<use logos/logo_sherpa.png>
Package pdftex.def Info: logos/logo_sherpa.png  used on input line 156.
(pdftex.def)             Requested size: 101.56209pt x 33.86768pt.
File: logos/lhead_logos/logo_polytech_resized.png Graphic file (type png)
<use logos/lhead_logos/logo_polytech_resized.png>
Package pdftex.def Info: logos/lhead_logos/logo_polytech_resized.png  used on input line 156.
(pdftex.def)             Requested size: 120.30582pt x 37.49619pt.
File: logos/lhead_logos/eupi_long_resized.png Graphic file (type png)
<use logos/lhead_logos/eupi_long_resized.png>
Package pdftex.def Info: logos/lhead_logos/eupi_long_resized.png  used on input line 156.
(pdftex.def)             Requested size: 208.9357pt x 40.97769pt.

Package fancyhdr Warning: \headheight is too small (42.67912pt): 
(fancyhdr)                Make it at least 45.32773pt, for example:
(fancyhdr)                \setlength{\headheight}{45.32773pt}.
(fancyhdr)                You might also make \topmargin smaller to compensate:
(fancyhdr)                \addtolength{\topmargin}{-2.6486pt}.

[20 <./Corps_rapport/costmap.png (PNG copy)>]
Underfull \hbox (badness 10000) in paragraph at lines 158--162

 []

<Corps_rapport/lisiere1.png, id=594, 186.6975pt x 181.17688pt>
File: Corps_rapport/lisiere1.png Graphic file (type png)
<use Corps_rapport/lisiere1.png>
Package pdftex.def Info: Corps_rapport/lisiere1.png  used on input line 164.
(pdftex.def)             Requested size: 145.11053pt x 140.82529pt.

Package caption Warning: The option `hypcap=true' will be ignored for this
(caption)                particular \caption on input line 165.
See the caption package documentation for explanation.


Underfull \hbox (badness 10000) in paragraph at lines 168--170

 []

<Corps_rapport/lisiere2.png, id=596, 200.24812pt x 202.25563pt>
File: Corps_rapport/lisiere2.png Graphic file (type png)
<use Corps_rapport/lisiere2.png>
Package pdftex.def Info: Corps_rapport/lisiere2.png  used on input line 171.
(pdftex.def)             Requested size: 145.11053pt x 146.57446pt.

Package caption Warning: The option `hypcap=true' will be ignored for this
(caption)                particular \caption on input line 172.
See the caption package documentation for explanation.

File: logos/logo_sherpa.png Graphic file (type png)
<use logos/logo_sherpa.png>
Package pdftex.def Info: logos/logo_sherpa.png  used on input line 172.
(pdftex.def)             Requested size: 101.56209pt x 33.86768pt.
File: logos/lhead_logos/logo_polytech_resized.png Graphic file (type png)
<use logos/lhead_logos/logo_polytech_resized.png>
Package pdftex.def Info: logos/lhead_logos/logo_polytech_resized.png  used on input line 172.
(pdftex.def)             Requested size: 120.30582pt x 37.49619pt.
File: logos/lhead_logos/eupi_long_resized.png Graphic file (type png)
<use logos/lhead_logos/eupi_long_resized.png>
Package pdftex.def Info: logos/lhead_logos/eupi_long_resized.png  used on input line 172.
(pdftex.def)             Requested size: 208.9357pt x 40.97769pt.

Package fancyhdr Warning: \headheight is too small (42.67912pt): 
(fancyhdr)                Make it at least 45.32773pt, for example:
(fancyhdr)                \setlength{\headheight}{45.32773pt}.
(fancyhdr)                You might also make \topmargin smaller to compensate:
(fancyhdr)                \addtolength{\topmargin}{-2.6486pt}.

[21 <./Corps_rapport/lisiere1.png> <./Corps_rapport/lisiere2.png>]
Underfull \hbox (badness 10000) in paragraph at lines 175--177

 []

<Corps_rapport/lisiere3.png, id=605, 197.73875pt x 179.67125pt>
File: Corps_rapport/lisiere3.png Graphic file (type png)
<use Corps_rapport/lisiere3.png>
Package pdftex.def Info: Corps_rapport/lisiere3.png  used on input line 178.
(pdftex.def)             Requested size: 145.11053pt x 131.85252pt.

Package caption Warning: The option `hypcap=true' will be ignored for this
(caption)                particular \caption on input line 179.
See the caption package documentation for explanation.


Underfull \hbox (badness 10000) in paragraph at lines 184--189

 []


Underfull \hbox (badness 10000) in paragraph at lines 191--194

 []

File: logos/logo_sherpa.png Graphic file (type png)
<use logos/logo_sherpa.png>
Package pdftex.def Info: logos/logo_sherpa.png  used on input line 194.
(pdftex.def)             Requested size: 101.56209pt x 33.86768pt.
File: logos/lhead_logos/logo_polytech_resized.png Graphic file (type png)
<use logos/lhead_logos/logo_polytech_resized.png>
Package pdftex.def Info: logos/lhead_logos/logo_polytech_resized.png  used on input line 194.
(pdftex.def)             Requested size: 120.30582pt x 37.49619pt.
File: logos/lhead_logos/eupi_long_resized.png Graphic file (type png)
<use logos/lhead_logos/eupi_long_resized.png>
Package pdftex.def Info: logos/lhead_logos/eupi_long_resized.png  used on input line 194.
(pdftex.def)             Requested size: 208.9357pt x 40.97769pt.

Package fancyhdr Warning: \headheight is too small (42.67912pt): 
(fancyhdr)                Make it at least 45.32773pt, for example:
(fancyhdr)                \setlength{\headheight}{45.32773pt}.
(fancyhdr)                You might also make \topmargin smaller to compensate:
(fancyhdr)                \addtolength{\topmargin}{-2.6486pt}.

[22 <./Corps_rapport/lisiere3.png>]
Underfull \hbox (badness 10000) in paragraph at lines 211--215

 []

<Corps_rapport/DWA_illustration.png, id=626, 498.86375pt x 420.57124pt>
File: Corps_rapport/DWA_illustration.png Graphic file (type png)
<use Corps_rapport/DWA_illustration.png>
Package pdftex.def Info: Corps_rapport/DWA_illustration.png  used on input line 217.
(pdftex.def)             Requested size: 145.11053pt x 122.33475pt.

Package caption Warning: The option `hypcap=true' will be ignored for this
(caption)                particular \caption on input line 218.
See the caption package documentation for explanation.

File: logos/logo_sherpa.png Graphic file (type png)
<use logos/logo_sherpa.png>
Package pdftex.def Info: logos/logo_sherpa.png  used on input line 218.
(pdftex.def)             Requested size: 101.56209pt x 33.86768pt.
File: logos/lhead_logos/logo_polytech_resized.png Graphic file (type png)
<use logos/lhead_logos/logo_polytech_resized.png>
Package pdftex.def Info: logos/lhead_logos/logo_polytech_resized.png  used on input line 218.
(pdftex.def)             Requested size: 120.30582pt x 37.49619pt.
File: logos/lhead_logos/eupi_long_resized.png Graphic file (type png)
<use logos/lhead_logos/eupi_long_resized.png>
Package pdftex.def Info: logos/lhead_logos/eupi_long_resized.png  used on input line 218.
(pdftex.def)             Requested size: 208.9357pt x 40.97769pt.

Package fancyhdr Warning: \headheight is too small (42.67912pt): 
(fancyhdr)                Make it at least 45.32773pt, for example:
(fancyhdr)                \setlength{\headheight}{45.32773pt}.
(fancyhdr)                You might also make \topmargin smaller to compensate:
(fancyhdr)                \addtolength{\topmargin}{-2.6486pt}.

[23]
Underfull \hbox (badness 10000) in paragraph at lines 235--237

 []


Underfull \hbox (badness 10000) in paragraph at lines 238--239

 []

File: logos/logo_sherpa.png Graphic file (type png)
<use logos/logo_sherpa.png>
Package pdftex.def Info: logos/logo_sherpa.png  used on input line 271.
(pdftex.def)             Requested size: 101.56209pt x 33.86768pt.
File: logos/lhead_logos/logo_polytech_resized.png Graphic file (type png)
<use logos/lhead_logos/logo_polytech_resized.png>
Package pdftex.def Info: logos/lhead_logos/logo_polytech_resized.png  used on input line 271.
(pdftex.def)             Requested size: 120.30582pt x 37.49619pt.
File: logos/lhead_logos/eupi_long_resized.png Graphic file (type png)
<use logos/lhead_logos/eupi_long_resized.png>
Package pdftex.def Info: logos/lhead_logos/eupi_long_resized.png  used on input line 271.
(pdftex.def)             Requested size: 208.9357pt x 40.97769pt.

Package fancyhdr Warning: \headheight is too small (42.67912pt): 
(fancyhdr)                Make it at least 45.32773pt, for example:
(fancyhdr)                \setlength{\headheight}{45.32773pt}.
(fancyhdr)                You might also make \topmargin smaller to compensate:
(fancyhdr)                \addtolength{\topmargin}{-2.6486pt}.

[24 <./Corps_rapport/DWA_illustration.png>]
Underfull \hbox (badness 10000) in paragraph at lines 276--279

 []


Underfull \hbox (badness 10000) in paragraph at lines 287--288

 []

<Corps_rapport/rqt.png, id=649, 1927.2pt x 1084.05pt>
File: Corps_rapport/rqt.png Graphic file (type png)
<use Corps_rapport/rqt.png>
Package pdftex.def Info: Corps_rapport/rqt.png  used on input line 296.
(pdftex.def)             Requested size: 435.32422pt x 244.86012pt.

Package caption Warning: The option `hypcap=true' will be ignored for this
(caption)                particular \caption on input line 297.
See the caption package documentation for explanation.

File: logos/logo_sherpa.png Graphic file (type png)
<use logos/logo_sherpa.png>
Package pdftex.def Info: logos/logo_sherpa.png  used on input line 297.
(pdftex.def)             Requested size: 101.56209pt x 33.86768pt.
File: logos/lhead_logos/logo_polytech_resized.png Graphic file (type png)
<use logos/lhead_logos/logo_polytech_resized.png>
Package pdftex.def Info: logos/lhead_logos/logo_polytech_resized.png  used on input line 297.
(pdftex.def)             Requested size: 120.30582pt x 37.49619pt.
File: logos/lhead_logos/eupi_long_resized.png Graphic file (type png)
<use logos/lhead_logos/eupi_long_resized.png>
Package pdftex.def Info: logos/lhead_logos/eupi_long_resized.png  used on input line 297.
(pdftex.def)             Requested size: 208.9357pt x 40.97769pt.

Package fancyhdr Warning: \headheight is too small (42.67912pt): 
(fancyhdr)                Make it at least 45.32773pt, for example:
(fancyhdr)                \setlength{\headheight}{45.32773pt}.
(fancyhdr)                You might also make \topmargin smaller to compensate:
(fancyhdr)                \addtolength{\topmargin}{-2.6486pt}.

[25]
<Corps_rapport/rviz.png, id=655, 1856.9375pt x 1056.94875pt>
File: Corps_rapport/rviz.png Graphic file (type png)
<use Corps_rapport/rviz.png>
Package pdftex.def Info: Corps_rapport/rviz.png  used on input line 304.
(pdftex.def)             Requested size: 435.32422pt x 247.77013pt.


Package caption Warning: The option `hypcap=true' will be ignored for this
(caption)                particular \caption on input line 305.
See the caption package documentation for explanation.

)
File: logos/logo_sherpa.png Graphic file (type png)
<use logos/logo_sherpa.png>
Package pdftex.def Info: logos/logo_sherpa.png  used on input line 6.
(pdftex.def)             Requested size: 101.56209pt x 33.86768pt.
File: logos/lhead_logos/logo_polytech_resized.png Graphic file (type png)
<use logos/lhead_logos/logo_polytech_resized.png>
Package pdftex.def Info: logos/lhead_logos/logo_polytech_resized.png  used on input line 6.
(pdftex.def)             Requested size: 120.30582pt x 37.49619pt.
File: logos/lhead_logos/eupi_long_resized.png Graphic file (type png)
<use logos/lhead_logos/eupi_long_resized.png>
Package pdftex.def Info: logos/lhead_logos/eupi_long_resized.png  used on input line 6.
(pdftex.def)             Requested size: 208.9357pt x 40.97769pt.


Package fancyhdr Warning: \headheight is too small (42.67912pt): 
(fancyhdr)                Make it at least 45.32773pt, for example:
(fancyhdr)                \setlength{\headheight}{45.32773pt}.
(fancyhdr)                You might also make \topmargin smaller to compensate:
(fancyhdr)                \addtolength{\topmargin}{-2.6486pt}.

[26 <./Corps_rapport/rqt.png> <./Corps_rapport/rviz.png>] (./Corps_rapport/Chapitre3.tex
Underfull \hbox (badness 10000) in paragraph at lines 3--7

 []


Underfull \hbox (badness 10000) in paragraph at lines 3--7

 []


Underfull \hbox (badness 10000) in paragraph at lines 3--7

 []


Underfull \hbox (badness 10000) in paragraph at lines 3--7

 []


Underfull \hbox (badness 10000) in paragraph at lines 11--12

 []


Underfull \hbox (badness 10000) in paragraph at lines 20--23

 []


Underfull \hbox (badness 10000) in paragraph at lines 20--23

 []

File: logos/logo_sherpa.png Graphic file (type png)
<use logos/logo_sherpa.png>
Package pdftex.def Info: logos/logo_sherpa.png  used on input line 23.
(pdftex.def)             Requested size: 101.56209pt x 33.86768pt.
File: logos/lhead_logos/logo_polytech_resized.png Graphic file (type png)
<use logos/lhead_logos/logo_polytech_resized.png>
Package pdftex.def Info: logos/lhead_logos/logo_polytech_resized.png  used on input line 23.
(pdftex.def)             Requested size: 120.30582pt x 37.49619pt.
File: logos/lhead_logos/eupi_long_resized.png Graphic file (type png)
<use logos/lhead_logos/eupi_long_resized.png>
Package pdftex.def Info: logos/lhead_logos/eupi_long_resized.png  used on input line 23.
(pdftex.def)             Requested size: 208.9357pt x 40.97769pt.

Package fancyhdr Warning: \headheight is too small (42.67912pt): 
(fancyhdr)                Make it at least 45.32773pt, for example:
(fancyhdr)                \setlength{\headheight}{45.32773pt}.
(fancyhdr)                You might also make \topmargin smaller to compensate:
(fancyhdr)                \addtolength{\topmargin}{-2.6486pt}.

[27]
Underfull \hbox (badness 10000) in paragraph at lines 26--27

 []


Underfull \hbox (badness 10000) in paragraph at lines 30--31

 []


Underfull \hbox (badness 10000) in paragraph at lines 33--34

 []


Underfull \hbox (badness 10000) in paragraph at lines 48--49

 []

File: logos/logo_sherpa.png Graphic file (type png)
<use logos/logo_sherpa.png>
Package pdftex.def Info: logos/logo_sherpa.png  used on input line 49.
(pdftex.def)             Requested size: 101.56209pt x 33.86768pt.
File: logos/lhead_logos/logo_polytech_resized.png Graphic file (type png)
<use logos/lhead_logos/logo_polytech_resized.png>
Package pdftex.def Info: logos/lhead_logos/logo_polytech_resized.png  used on input line 49.
(pdftex.def)             Requested size: 120.30582pt x 37.49619pt.
File: logos/lhead_logos/eupi_long_resized.png Graphic file (type png)
<use logos/lhead_logos/eupi_long_resized.png>
Package pdftex.def Info: logos/lhead_logos/eupi_long_resized.png  used on input line 49.
(pdftex.def)             Requested size: 208.9357pt x 40.97769pt.

Package fancyhdr Warning: \headheight is too small (42.67912pt): 
(fancyhdr)                Make it at least 45.32773pt, for example:
(fancyhdr)                \setlength{\headheight}{45.32773pt}.
(fancyhdr)                You might also make \topmargin smaller to compensate:
(fancyhdr)                \addtolength{\topmargin}{-2.6486pt}.

[28]
Underfull \hbox (badness 10000) in paragraph at lines 52--53

 []


Underfull \hbox (badness 10000) in paragraph at lines 59--60

 []


Underfull \hbox (badness 10000) in paragraph at lines 63--64

 []


Underfull \hbox (badness 10000) in paragraph at lines 70--71

 []


Overfull \hbox (4.7724pt too wide) in paragraph at lines 78--79
[]\T1/lmr/m/n/12 DLIO (Di-rect LiDAR-Inertial Odo-me-try) [[]] est un al-go-rithme d'odo-mé-trie LiDAR-inertielle
 []

File: logos/logo_sherpa.png Graphic file (type png)
<use logos/logo_sherpa.png>
Package pdftex.def Info: logos/logo_sherpa.png  used on input line 79.
(pdftex.def)             Requested size: 101.56209pt x 33.86768pt.
File: logos/lhead_logos/logo_polytech_resized.png Graphic file (type png)
<use logos/lhead_logos/logo_polytech_resized.png>
Package pdftex.def Info: logos/lhead_logos/logo_polytech_resized.png  used on input line 79.
(pdftex.def)             Requested size: 120.30582pt x 37.49619pt.
File: logos/lhead_logos/eupi_long_resized.png Graphic file (type png)
<use logos/lhead_logos/eupi_long_resized.png>
Package pdftex.def Info: logos/lhead_logos/eupi_long_resized.png  used on input line 79.
(pdftex.def)             Requested size: 208.9357pt x 40.97769pt.

Package fancyhdr Warning: \headheight is too small (42.67912pt): 
(fancyhdr)                Make it at least 45.32773pt, for example:
(fancyhdr)                \setlength{\headheight}{45.32773pt}.
(fancyhdr)                You might also make \topmargin smaller to compensate:
(fancyhdr)                \addtolength{\topmargin}{-2.6486pt}.

[29]
Underfull \hbox (badness 10000) in paragraph at lines 86--87

 []


Underfull \hbox (badness 10000) in paragraph at lines 90--91

 []

File: logos/logo_sherpa.png Graphic file (type png)
<use logos/logo_sherpa.png>
Package pdftex.def Info: logos/logo_sherpa.png  used on input line 108.
(pdftex.def)             Requested size: 101.56209pt x 33.86768pt.
File: logos/lhead_logos/logo_polytech_resized.png Graphic file (type png)
<use logos/lhead_logos/logo_polytech_resized.png>
Package pdftex.def Info: logos/lhead_logos/logo_polytech_resized.png  used on input line 108.
(pdftex.def)             Requested size: 120.30582pt x 37.49619pt.
File: logos/lhead_logos/eupi_long_resized.png Graphic file (type png)
<use logos/lhead_logos/eupi_long_resized.png>
Package pdftex.def Info: logos/lhead_logos/eupi_long_resized.png  used on input line 108.
(pdftex.def)             Requested size: 208.9357pt x 40.97769pt.

Package fancyhdr Warning: \headheight is too small (42.67912pt): 
(fancyhdr)                Make it at least 45.32773pt, for example:
(fancyhdr)                \setlength{\headheight}{45.32773pt}.
(fancyhdr)                You might also make \topmargin smaller to compensate:
(fancyhdr)                \addtolength{\topmargin}{-2.6486pt}.

[30]
Underfull \hbox (badness 10000) in paragraph at lines 110--111

 []

<Corps_rapport/inrae.png, id=700, 770.88pt x 574.145pt>
File: Corps_rapport/inrae.png Graphic file (type png)
<use Corps_rapport/inrae.png>
Package pdftex.def Info: Corps_rapport/inrae.png  used on input line 113.
(pdftex.def)             Requested size: 241.84843pt x 180.12073pt.

Package caption Warning: The option `hypcap=true' will be ignored for this
(caption)                particular \caption on input line 114.
See the caption package documentation for explanation.

<Corps_rapport/kitware_position_inrae.png, id=701, 707.64375pt x 655.44875pt>
File: Corps_rapport/kitware_position_inrae.png Graphic file (type png)
<use Corps_rapport/kitware_position_inrae.png>
Package pdftex.def Info: Corps_rapport/kitware_position_inrae.png  used on input line 122.
(pdftex.def)             Requested size: 232.17242pt x 215.03859pt.
<Corps_rapport/dlio_position_inrae.png, id=702, 711.65875pt x 657.45625pt>
File: Corps_rapport/dlio_position_inrae.png Graphic file (type png)
<use Corps_rapport/dlio_position_inrae.png>
Package pdftex.def Info: Corps_rapport/dlio_position_inrae.png  used on input line 129.
(pdftex.def)             Requested size: 232.17242pt x 214.48334pt.
<Corps_rapport/kitware_RPY_inrae.png, id=703, 709.65125pt x 656.4525pt>
File: Corps_rapport/kitware_RPY_inrae.png Graphic file (type png)
<use Corps_rapport/kitware_RPY_inrae.png>
Package pdftex.def Info: Corps_rapport/kitware_RPY_inrae.png  used on input line 141.
(pdftex.def)             Requested size: 232.17242pt x 214.76689pt.
<Corps_rapport/dlio_RPY_inrae.png, id=704, 711.65875pt x 657.45625pt>
File: Corps_rapport/dlio_RPY_inrae.png Graphic file (type png)
<use Corps_rapport/dlio_RPY_inrae.png>
Package pdftex.def Info: Corps_rapport/dlio_RPY_inrae.png  used on input line 148.
(pdftex.def)             Requested size: 232.17242pt x 214.48334pt.

LaTeX Warning: `h' float specifier changed to `ht'.

File: logos/logo_sherpa.png Graphic file (type png)
<use logos/logo_sherpa.png>
Package pdftex.def Info: logos/logo_sherpa.png  used on input line 158.
(pdftex.def)             Requested size: 101.56209pt x 33.86768pt.
File: logos/lhead_logos/logo_polytech_resized.png Graphic file (type png)
<use logos/lhead_logos/logo_polytech_resized.png>
Package pdftex.def Info: logos/lhead_logos/logo_polytech_resized.png  used on input line 158.
(pdftex.def)             Requested size: 120.30582pt x 37.49619pt.
File: logos/lhead_logos/eupi_long_resized.png Graphic file (type png)
<use logos/lhead_logos/eupi_long_resized.png>
Package pdftex.def Info: logos/lhead_logos/eupi_long_resized.png  used on input line 158.
(pdftex.def)             Requested size: 208.9357pt x 40.97769pt.

Package fancyhdr Warning: \headheight is too small (42.67912pt): 
(fancyhdr)                Make it at least 45.32773pt, for example:
(fancyhdr)                \setlength{\headheight}{45.32773pt}.
(fancyhdr)                You might also make \topmargin smaller to compensate:
(fancyhdr)                \addtolength{\topmargin}{-2.6486pt}.

[31 <./Corps_rapport/inrae.png> <./Corps_rapport/kitware_position_inrae.png> <./Corps_rapport/dlio_position_inrae.png>]
<Corps_rapport/Kitware_vs_dlio_metrics.png, id=715, 743.77875pt x 173.64874pt>
File: Corps_rapport/Kitware_vs_dlio_metrics.png Graphic file (type png)
<use Corps_rapport/Kitware_vs_dlio_metrics.png>
Package pdftex.def Info: Corps_rapport/Kitware_vs_dlio_metrics.png  used on input line 159.
(pdftex.def)             Requested size: 483.69687pt x 112.93127pt.


Package caption Warning: The option `hypcap=true' will be ignored for this
(caption)                particular \caption on input line 160.
See the caption package documentation for explanation.


Underfull \hbox (badness 10000) in paragraph at lines 164--165

 []

<Corps_rapport/montoldre.png, id=718, 677.53125pt x 503.8825pt>
File: Corps_rapport/montoldre.png Graphic file (type png)
<use Corps_rapport/montoldre.png>
Package pdftex.def Info: Corps_rapport/montoldre.png  used on input line 167.
(pdftex.def)             Requested size: 241.84843pt x 179.85983pt.

Package caption Warning: The option `hypcap=true' will be ignored for this
(caption)                particular \caption on input line 168.
See the caption package documentation for explanation.

File: logos/logo_sherpa.png Graphic file (type png)
<use logos/logo_sherpa.png>
Package pdftex.def Info: logos/logo_sherpa.png  used on input line 168.
(pdftex.def)             Requested size: 101.56209pt x 33.86768pt.
File: logos/lhead_logos/logo_polytech_resized.png Graphic file (type png)
<use logos/lhead_logos/logo_polytech_resized.png>
Package pdftex.def Info: logos/lhead_logos/logo_polytech_resized.png  used on input line 168.
(pdftex.def)             Requested size: 120.30582pt x 37.49619pt.
File: logos/lhead_logos/eupi_long_resized.png Graphic file (type png)
<use logos/lhead_logos/eupi_long_resized.png>
Package pdftex.def Info: logos/lhead_logos/eupi_long_resized.png  used on input line 168.
(pdftex.def)             Requested size: 208.9357pt x 40.97769pt.

Package fancyhdr Warning: \headheight is too small (42.67912pt): 
(fancyhdr)                Make it at least 45.32773pt, for example:
(fancyhdr)                \setlength{\headheight}{45.32773pt}.
(fancyhdr)                You might also make \topmargin smaller to compensate:
(fancyhdr)                \addtolength{\topmargin}{-2.6486pt}.

[32 <./Corps_rapport/kitware_RPY_inrae.png> <./Corps_rapport/dlio_RPY_inrae.png> <./Corps_rapport/Kitware_vs_dlio_metrics.png>]
<Corps_rapport/dlio_vs_kitware_vs_Sbg_montoldre.png, id=726, 903.375pt x 677.53125pt>
File: Corps_rapport/dlio_vs_kitware_vs_Sbg_montoldre.png Graphic file (type png)
<use Corps_rapport/dlio_vs_kitware_vs_Sbg_montoldre.png>
Package pdftex.def Info: Corps_rapport/dlio_vs_kitware_vs_Sbg_montoldre.png  used on input line 173.
(pdftex.def)             Requested size: 386.95897pt x 290.22656pt.


Package caption Warning: The option `hypcap=true' will be ignored for this
(caption)                particular \caption on input line 174.
See the caption package documentation for explanation.


Underfull \hbox (badness 10000) in paragraph at lines 178--179

 []

File: logos/logo_sherpa.png Graphic file (type png)
<use logos/logo_sherpa.png>
Package pdftex.def Info: logos/logo_sherpa.png  used on input line 185.
(pdftex.def)             Requested size: 101.56209pt x 33.86768pt.
File: logos/lhead_logos/logo_polytech_resized.png Graphic file (type png)
<use logos/lhead_logos/logo_polytech_resized.png>
Package pdftex.def Info: logos/lhead_logos/logo_polytech_resized.png  used on input line 185.
(pdftex.def)             Requested size: 120.30582pt x 37.49619pt.
File: logos/lhead_logos/eupi_long_resized.png Graphic file (type png)
<use logos/lhead_logos/eupi_long_resized.png>
Package pdftex.def Info: logos/lhead_logos/eupi_long_resized.png  used on input line 185.
(pdftex.def)             Requested size: 208.9357pt x 40.97769pt.

Package fancyhdr Warning: \headheight is too small (42.67912pt): 
(fancyhdr)                Make it at least 45.32773pt, for example:
(fancyhdr)                \setlength{\headheight}{45.32773pt}.
(fancyhdr)                You might also make \topmargin smaller to compensate:
(fancyhdr)                \addtolength{\topmargin}{-2.6486pt}.

[33 <./Corps_rapport/montoldre.png> <./Corps_rapport/dlio_vs_kitware_vs_Sbg_montoldre.png (PNG copy)>]
<Corps_rapport/map_dlio_bruit.png, id=736, 652.4375pt x 490.83376pt>
File: Corps_rapport/map_dlio_bruit.png Graphic file (type png)
<use Corps_rapport/map_dlio_bruit.png>
Package pdftex.def Info: Corps_rapport/map_dlio_bruit.png  used on input line 187.
(pdftex.def)             Requested size: 241.84843pt x 181.94267pt.


Package caption Warning: The option `hypcap=true' will be ignored for this
(caption)                particular \caption on input line 188.
See the caption package documentation for explanation.


Underfull \hbox (badness 10000) in paragraph at lines 192--193

 []


Underfull \hbox (badness 10000) in paragraph at lines 194--195

 []


Underfull \hbox (badness 10000) in paragraph at lines 199--200

 []


Underfull \hbox (badness 10000) in paragraph at lines 202--203

 []

File: logos/logo_sherpa.png Graphic file (type png)
<use logos/logo_sherpa.png>
Package pdftex.def Info: logos/logo_sherpa.png  used on input line 205.
(pdftex.def)             Requested size: 101.56209pt x 33.86768pt.
File: logos/lhead_logos/logo_polytech_resized.png Graphic file (type png)
<use logos/lhead_logos/logo_polytech_resized.png>
Package pdftex.def Info: logos/lhead_logos/logo_polytech_resized.png  used on input line 205.
(pdftex.def)             Requested size: 120.30582pt x 37.49619pt.
File: logos/lhead_logos/eupi_long_resized.png Graphic file (type png)
<use logos/lhead_logos/eupi_long_resized.png>
Package pdftex.def Info: logos/lhead_logos/eupi_long_resized.png  used on input line 205.
(pdftex.def)             Requested size: 208.9357pt x 40.97769pt.

Package fancyhdr Warning: \headheight is too small (42.67912pt): 
(fancyhdr)                Make it at least 45.32773pt, for example:
(fancyhdr)                \setlength{\headheight}{45.32773pt}.
(fancyhdr)                You might also make \topmargin smaller to compensate:
(fancyhdr)                \addtolength{\topmargin}{-2.6486pt}.

[34 <./Corps_rapport/map_dlio_bruit.png>]
<Corps_rapport/Comparaison_map_DLIO_vs_GNSS.png, id=745, 1184.425pt x 446.66875pt>
File: Corps_rapport/Comparaison_map_DLIO_vs_GNSS.png Graphic file (type png)
<use Corps_rapport/Comparaison_map_DLIO_vs_GNSS.png>
Package pdftex.def Info: Corps_rapport/Comparaison_map_DLIO_vs_GNSS.png  used on input line 207.
(pdftex.def)             Requested size: 483.69687pt x 182.4129pt.


Package caption Warning: The option `hypcap=true' will be ignored for this
(caption)                particular \caption on input line 208.
See the caption package documentation for explanation.


Underfull \hbox (badness 10000) in paragraph at lines 221--223

 []


Underfull \hbox (badness 10000) in paragraph at lines 221--223

 []


Underfull \hbox (badness 10000) in paragraph at lines 232--233

 []

File: logos/logo_sherpa.png Graphic file (type png)
<use logos/logo_sherpa.png>
Package pdftex.def Info: logos/logo_sherpa.png  used on input line 236.
(pdftex.def)             Requested size: 101.56209pt x 33.86768pt.
File: logos/lhead_logos/logo_polytech_resized.png Graphic file (type png)
<use logos/lhead_logos/logo_polytech_resized.png>
Package pdftex.def Info: logos/lhead_logos/logo_polytech_resized.png  used on input line 236.
(pdftex.def)             Requested size: 120.30582pt x 37.49619pt.
File: logos/lhead_logos/eupi_long_resized.png Graphic file (type png)
<use logos/lhead_logos/eupi_long_resized.png>
Package pdftex.def Info: logos/lhead_logos/eupi_long_resized.png  used on input line 236.
(pdftex.def)             Requested size: 208.9357pt x 40.97769pt.

Package fancyhdr Warning: \headheight is too small (42.67912pt): 
(fancyhdr)                Make it at least 45.32773pt, for example:
(fancyhdr)                \setlength{\headheight}{45.32773pt}.
(fancyhdr)                You might also make \topmargin smaller to compensate:
(fancyhdr)                \addtolength{\topmargin}{-2.6486pt}.

[35 <./Corps_rapport/Comparaison_map_DLIO_vs_GNSS.png>]
Underfull \hbox (badness 10000) in paragraph at lines 256--257

 []


Underfull \hbox (badness 10000) in paragraph at lines 258--259

 []

<Corps_rapport/euclidean_error_vs_distance.png, id=758, 1300.86pt x 433.62pt>
File: Corps_rapport/euclidean_error_vs_distance.png Graphic file (type png)
<use Corps_rapport/euclidean_error_vs_distance.png>
Package pdftex.def Info: Corps_rapport/euclidean_error_vs_distance.png  used on input line 261.
(pdftex.def)             Requested size: 483.69687pt x 161.23087pt.

Package caption Warning: The option `hypcap=true' will be ignored for this
(caption)                particular \caption on input line 262.
See the caption package documentation for explanation.

File: logos/logo_sherpa.png Graphic file (type png)
<use logos/logo_sherpa.png>
Package pdftex.def Info: logos/logo_sherpa.png  used on input line 262.
(pdftex.def)             Requested size: 101.56209pt x 33.86768pt.
File: logos/lhead_logos/logo_polytech_resized.png Graphic file (type png)
<use logos/lhead_logos/logo_polytech_resized.png>
Package pdftex.def Info: logos/lhead_logos/logo_polytech_resized.png  used on input line 262.
(pdftex.def)             Requested size: 120.30582pt x 37.49619pt.
File: logos/lhead_logos/eupi_long_resized.png Graphic file (type png)
<use logos/lhead_logos/eupi_long_resized.png>
Package pdftex.def Info: logos/lhead_logos/eupi_long_resized.png  used on input line 262.
(pdftex.def)             Requested size: 208.9357pt x 40.97769pt.

Package fancyhdr Warning: \headheight is too small (42.67912pt): 
(fancyhdr)                Make it at least 45.32773pt, for example:
(fancyhdr)                \setlength{\headheight}{45.32773pt}.
(fancyhdr)                You might also make \topmargin smaller to compensate:
(fancyhdr)                \addtolength{\topmargin}{-2.6486pt}.

[36]
Underfull \hbox (badness 10000) in paragraph at lines 266--267

 []


Underfull \hbox (badness 10000) in paragraph at lines 275--276

 []


Underfull \hbox (badness 10000) in paragraph at lines 277--278

 []

File: logos/logo_sherpa.png Graphic file (type png)
<use logos/logo_sherpa.png>
Package pdftex.def Info: logos/logo_sherpa.png  used on input line 283.
(pdftex.def)             Requested size: 101.56209pt x 33.86768pt.
File: logos/lhead_logos/logo_polytech_resized.png Graphic file (type png)
<use logos/lhead_logos/logo_polytech_resized.png>
Package pdftex.def Info: logos/lhead_logos/logo_polytech_resized.png  used on input line 283.
(pdftex.def)             Requested size: 120.30582pt x 37.49619pt.
File: logos/lhead_logos/eupi_long_resized.png Graphic file (type png)
<use logos/lhead_logos/eupi_long_resized.png>
Package pdftex.def Info: logos/lhead_logos/eupi_long_resized.png  used on input line 283.
(pdftex.def)             Requested size: 208.9357pt x 40.97769pt.

Package fancyhdr Warning: \headheight is too small (42.67912pt): 
(fancyhdr)                Make it at least 45.32773pt, for example:
(fancyhdr)                \setlength{\headheight}{45.32773pt}.
(fancyhdr)                You might also make \topmargin smaller to compensate:
(fancyhdr)                \addtolength{\topmargin}{-2.6486pt}.

[37 <./Corps_rapport/euclidean_error_vs_distance.png>]
Underfull \hbox (badness 10000) in paragraph at lines 283--284

 []


Underfull \hbox (badness 10000) in paragraph at lines 286--287

 []


Underfull \hbox (badness 10000) in paragraph at lines 288--289

 []


Underfull \hbox (badness 10000) in paragraph at lines 293--294

 []


Underfull \hbox (badness 10000) in paragraph at lines 305--306

 []


Underfull \hbox (badness 10000) in paragraph at lines 307--308

 []

File: logos/logo_sherpa.png Graphic file (type png)
<use logos/logo_sherpa.png>
Package pdftex.def Info: logos/logo_sherpa.png  used on input line 312.
(pdftex.def)             Requested size: 101.56209pt x 33.86768pt.
File: logos/lhead_logos/logo_polytech_resized.png Graphic file (type png)
<use logos/lhead_logos/logo_polytech_resized.png>
Package pdftex.def Info: logos/lhead_logos/logo_polytech_resized.png  used on input line 312.
(pdftex.def)             Requested size: 120.30582pt x 37.49619pt.
File: logos/lhead_logos/eupi_long_resized.png Graphic file (type png)
<use logos/lhead_logos/eupi_long_resized.png>
Package pdftex.def Info: logos/lhead_logos/eupi_long_resized.png  used on input line 312.
(pdftex.def)             Requested size: 208.9357pt x 40.97769pt.

Package fancyhdr Warning: \headheight is too small (42.67912pt): 
(fancyhdr)                Make it at least 45.32773pt, for example:
(fancyhdr)                \setlength{\headheight}{45.32773pt}.
(fancyhdr)                You might also make \topmargin smaller to compensate:
(fancyhdr)                \addtolength{\topmargin}{-2.6486pt}.

[38]
Underfull \hbox (badness 10000) in paragraph at lines 313--314

 []

<Corps_rapport/oracle_test.png, id=785, 853.1875pt x 218.8175pt>
File: Corps_rapport/oracle_test.png Graphic file (type png)
<use Corps_rapport/oracle_test.png>
Package pdftex.def Info: Corps_rapport/oracle_test.png  used on input line 319.
(pdftex.def)             Requested size: 290.22107pt x 74.43369pt.

Package caption Warning: The option `hypcap=true' will be ignored for this
(caption)                particular \caption on input line 320.
See the caption package documentation for explanation.

<Corps_rapport/oracle_meta.png, id=787, 1218.5525pt x 323.2075pt>
File: Corps_rapport/oracle_meta.png Graphic file (type png)
<use Corps_rapport/oracle_meta.png>
Package pdftex.def Info: Corps_rapport/oracle_meta.png  used on input line 329.
(pdftex.def)             Requested size: 386.95897pt x 102.63449pt.

Package caption Warning: The option `hypcap=true' will be ignored for this
(caption)                particular \caption on input line 330.
See the caption package documentation for explanation.


Underfull \hbox (badness 10000) in paragraph at lines 341--342

 []

File: logos/logo_sherpa.png Graphic file (type png)
<use logos/logo_sherpa.png>
Package pdftex.def Info: logos/logo_sherpa.png  used on input line 344.
(pdftex.def)             Requested size: 101.56209pt x 33.86768pt.
File: logos/lhead_logos/logo_polytech_resized.png Graphic file (type png)
<use logos/lhead_logos/logo_polytech_resized.png>
Package pdftex.def Info: logos/lhead_logos/logo_polytech_resized.png  used on input line 344.
(pdftex.def)             Requested size: 120.30582pt x 37.49619pt.
File: logos/lhead_logos/eupi_long_resized.png Graphic file (type png)
<use logos/lhead_logos/eupi_long_resized.png>
Package pdftex.def Info: logos/lhead_logos/eupi_long_resized.png  used on input line 344.
(pdftex.def)             Requested size: 208.9357pt x 40.97769pt.

Package fancyhdr Warning: \headheight is too small (42.67912pt): 
(fancyhdr)                Make it at least 45.32773pt, for example:
(fancyhdr)                \setlength{\headheight}{45.32773pt}.
(fancyhdr)                You might also make \topmargin smaller to compensate:
(fancyhdr)                \addtolength{\topmargin}{-2.6486pt}.

[39 <./Corps_rapport/oracle_test.png> <./Corps_rapport/oracle_meta.png>]
<Corps_rapport/TAF.png, id=798, 796.9775pt x 478.78876pt>
File: Corps_rapport/TAF.png Graphic file (type png)
<use Corps_rapport/TAF.png>
Package pdftex.def Info: Corps_rapport/TAF.png  used on input line 350.
(pdftex.def)             Requested size: 193.47578pt x 116.22667pt.


Package caption Warning: The option `hypcap=true' will be ignored for this
(caption)                particular \caption on input line 351.
See the caption package documentation for explanation.


Underfull \hbox (badness 10000) in paragraph at lines 355--356

 []

File: logos/logo_sherpa.png Graphic file (type png)
<use logos/logo_sherpa.png>
Package pdftex.def Info: logos/logo_sherpa.png  used on input line 370.
(pdftex.def)             Requested size: 101.56209pt x 33.86768pt.
File: logos/lhead_logos/logo_polytech_resized.png Graphic file (type png)
<use logos/lhead_logos/logo_polytech_resized.png>
Package pdftex.def Info: logos/lhead_logos/logo_polytech_resized.png  used on input line 370.
(pdftex.def)             Requested size: 120.30582pt x 37.49619pt.
File: logos/lhead_logos/eupi_long_resized.png Graphic file (type png)
<use logos/lhead_logos/eupi_long_resized.png>
Package pdftex.def Info: logos/lhead_logos/eupi_long_resized.png  used on input line 370.
(pdftex.def)             Requested size: 208.9357pt x 40.97769pt.

Package fancyhdr Warning: \headheight is too small (42.67912pt): 
(fancyhdr)                Make it at least 45.32773pt, for example:
(fancyhdr)                \setlength{\headheight}{45.32773pt}.
(fancyhdr)                You might also make \topmargin smaller to compensate:
(fancyhdr)                \addtolength{\topmargin}{-2.6486pt}.

[40 <./Corps_rapport/TAF.png>]
Underfull \hbox (badness 10000) in paragraph at lines 373--374

 []


Underfull \hbox (badness 10000) in paragraph at lines 383--384

 []


Underfull \hbox (badness 10000) in paragraph at lines 391--392

 []


Underfull \hbox (badness 10000) in paragraph at lines 393--394

 []

File: logos/logo_sherpa.png Graphic file (type png)
<use logos/logo_sherpa.png>
Package pdftex.def Info: logos/logo_sherpa.png  used on input line 394.
(pdftex.def)             Requested size: 101.56209pt x 33.86768pt.
File: logos/lhead_logos/logo_polytech_resized.png Graphic file (type png)
<use logos/lhead_logos/logo_polytech_resized.png>
Package pdftex.def Info: logos/lhead_logos/logo_polytech_resized.png  used on input line 394.
(pdftex.def)             Requested size: 120.30582pt x 37.49619pt.
File: logos/lhead_logos/eupi_long_resized.png Graphic file (type png)
<use logos/lhead_logos/eupi_long_resized.png>
Package pdftex.def Info: logos/lhead_logos/eupi_long_resized.png  used on input line 394.
(pdftex.def)             Requested size: 208.9357pt x 40.97769pt.

Package fancyhdr Warning: \headheight is too small (42.67912pt): 
(fancyhdr)                Make it at least 45.32773pt, for example:
(fancyhdr)                \setlength{\headheight}{45.32773pt}.
(fancyhdr)                You might also make \topmargin smaller to compensate:
(fancyhdr)                \addtolength{\topmargin}{-2.6486pt}.

[41]
<Corps_rapport/plan_de_test_defi3.png, id=814, 1686.3pt x 1053.9375pt>
File: Corps_rapport/plan_de_test_defi3.png Graphic file (type png)
<use Corps_rapport/plan_de_test_defi3.png>
Package pdftex.def Info: Corps_rapport/plan_de_test_defi3.png  used on input line 396.
(pdftex.def)             Requested size: 483.69687pt x 302.30511pt.


Package caption Warning: The option `hypcap=true' will be ignored for this
(caption)                particular \caption on input line 397.
See the caption package documentation for explanation.


Underfull \hbox (badness 10000) in paragraph at lines 401--402

 []


Underfull \hbox (badness 10000) in paragraph at lines 403--404

 []

File: logos/logo_sherpa.png Graphic file (type png)
<use logos/logo_sherpa.png>
Package pdftex.def Info: logos/logo_sherpa.png  used on input line 408.
(pdftex.def)             Requested size: 101.56209pt x 33.86768pt.
File: logos/lhead_logos/logo_polytech_resized.png Graphic file (type png)
<use logos/lhead_logos/logo_polytech_resized.png>
Package pdftex.def Info: logos/lhead_logos/logo_polytech_resized.png  used on input line 408.
(pdftex.def)             Requested size: 120.30582pt x 37.49619pt.
File: logos/lhead_logos/eupi_long_resized.png Graphic file (type png)
<use logos/lhead_logos/eupi_long_resized.png>
Package pdftex.def Info: logos/lhead_logos/eupi_long_resized.png  used on input line 408.
(pdftex.def)             Requested size: 208.9357pt x 40.97769pt.

Package fancyhdr Warning: \headheight is too small (42.67912pt): 
(fancyhdr)                Make it at least 45.32773pt, for example:
(fancyhdr)                \setlength{\headheight}{45.32773pt}.
(fancyhdr)                You might also make \topmargin smaller to compensate:
(fancyhdr)                \addtolength{\topmargin}{-2.6486pt}.

[42 <./Corps_rapport/plan_de_test_defi3.png>]
Underfull \hbox (badness 10000) in paragraph at lines 408--409

 []


Underfull \hbox (badness 10000) in paragraph at lines 411--412

 []


Underfull \hbox (badness 10000) in paragraph at lines 413--414

 []


Underfull \hbox (badness 10000) in paragraph at lines 417--420

 []


Underfull \hbox (badness 10000) in paragraph at lines 417--420

 []


Underfull \hbox (badness 10000) in paragraph at lines 417--420

 []


Underfull \hbox (badness 10000) in paragraph at lines 429--430

 []

File: logos/logo_sherpa.png Graphic file (type png)
<use logos/logo_sherpa.png>
Package pdftex.def Info: logos/logo_sherpa.png  used on input line 430.
(pdftex.def)             Requested size: 101.56209pt x 33.86768pt.
File: logos/lhead_logos/logo_polytech_resized.png Graphic file (type png)
<use logos/lhead_logos/logo_polytech_resized.png>
Package pdftex.def Info: logos/lhead_logos/logo_polytech_resized.png  used on input line 430.
(pdftex.def)             Requested size: 120.30582pt x 37.49619pt.
File: logos/lhead_logos/eupi_long_resized.png Graphic file (type png)
<use logos/lhead_logos/eupi_long_resized.png>
Package pdftex.def Info: logos/lhead_logos/eupi_long_resized.png  used on input line 430.
(pdftex.def)             Requested size: 208.9357pt x 40.97769pt.

Package fancyhdr Warning: \headheight is too small (42.67912pt): 
(fancyhdr)                Make it at least 45.32773pt, for example:
(fancyhdr)                \setlength{\headheight}{45.32773pt}.
(fancyhdr)                You might also make \topmargin smaller to compensate:
(fancyhdr)                \addtolength{\topmargin}{-2.6486pt}.

[43]
Underfull \hbox (badness 10000) in paragraph at lines 432--433

 []

<Corps_rapport/org_bag_explorer.png, id=826, 1023.825pt x 458.71375pt>
File: Corps_rapport/org_bag_explorer.png Graphic file (type png)
<use Corps_rapport/org_bag_explorer.png>
Package pdftex.def Info: Corps_rapport/org_bag_explorer.png  used on input line 435.
(pdftex.def)             Requested size: 386.95897pt x 173.36812pt.

Package caption Warning: The option `hypcap=true' will be ignored for this
(caption)                particular \caption on input line 436.
See the caption package documentation for explanation.


Underfull \hbox (badness 10000) in paragraph at lines 442--443

 []


Underfull \hbox (badness 10000) in paragraph at lines 444--445

 []

<Corps_rapport/org_diag_extractor.png, id=828, 718.685pt x 553.06625pt>
File: Corps_rapport/org_diag_extractor.png Graphic file (type png)
<use Corps_rapport/org_diag_extractor.png>
Package pdftex.def Info: Corps_rapport/org_diag_extractor.png  used on input line 447.
(pdftex.def)             Requested size: 338.58632pt x 260.56566pt.

Package caption Warning: The option `hypcap=true' will be ignored for this
(caption)                particular \caption on input line 448.
See the caption package documentation for explanation.

File: logos/logo_sherpa.png Graphic file (type png)
<use logos/logo_sherpa.png>
Package pdftex.def Info: logos/logo_sherpa.png  used on input line 448.
(pdftex.def)             Requested size: 101.56209pt x 33.86768pt.
File: logos/lhead_logos/logo_polytech_resized.png Graphic file (type png)
<use logos/lhead_logos/logo_polytech_resized.png>
Package pdftex.def Info: logos/lhead_logos/logo_polytech_resized.png  used on input line 448.
(pdftex.def)             Requested size: 120.30582pt x 37.49619pt.
File: logos/lhead_logos/eupi_long_resized.png Graphic file (type png)
<use logos/lhead_logos/eupi_long_resized.png>
Package pdftex.def Info: logos/lhead_logos/eupi_long_resized.png  used on input line 448.
(pdftex.def)             Requested size: 208.9357pt x 40.97769pt.

Package fancyhdr Warning: \headheight is too small (42.67912pt): 
(fancyhdr)                Make it at least 45.32773pt, for example:
(fancyhdr)                \setlength{\headheight}{45.32773pt}.
(fancyhdr)                You might also make \topmargin smaller to compensate:
(fancyhdr)                \addtolength{\topmargin}{-2.6486pt}.

[44 <./Corps_rapport/org_bag_explorer.png>]
Underfull \hbox (badness 10000) in paragraph at lines 452--453

 []


Underfull \hbox (badness 10000) in paragraph at lines 459--460

 []

<Corps_rapport/diagnostics_timeline_by_name.png, id=836, 1292.1876pt x 568.524pt>
File: Corps_rapport/diagnostics_timeline_by_name.png Graphic file (type png)
<use Corps_rapport/diagnostics_timeline_by_name.png>
Package pdftex.def Info: Corps_rapport/diagnostics_timeline_by_name.png  used on input line 463.
(pdftex.def)             Requested size: 483.69687pt x 212.81427pt.

Package caption Warning: The option `hypcap=true' will be ignored for this
(caption)                particular \caption on input line 464.
See the caption package documentation for explanation.

File: logos/logo_sherpa.png Graphic file (type png)
<use logos/logo_sherpa.png>
Package pdftex.def Info: logos/logo_sherpa.png  used on input line 466.
(pdftex.def)             Requested size: 101.56209pt x 33.86768pt.
File: logos/lhead_logos/logo_polytech_resized.png Graphic file (type png)
<use logos/lhead_logos/logo_polytech_resized.png>
Package pdftex.def Info: logos/lhead_logos/logo_polytech_resized.png  used on input line 466.
(pdftex.def)             Requested size: 120.30582pt x 37.49619pt.
File: logos/lhead_logos/eupi_long_resized.png Graphic file (type png)
<use logos/lhead_logos/eupi_long_resized.png>
Package pdftex.def Info: logos/lhead_logos/eupi_long_resized.png  used on input line 466.
(pdftex.def)             Requested size: 208.9357pt x 40.97769pt.

Package fancyhdr Warning: \headheight is too small (42.67912pt): 
(fancyhdr)                Make it at least 45.32773pt, for example:
(fancyhdr)                \setlength{\headheight}{45.32773pt}.
(fancyhdr)                You might also make \topmargin smaller to compensate:
(fancyhdr)                \addtolength{\topmargin}{-2.6486pt}.

[45 <./Corps_rapport/org_diag_extractor.png> <./Corps_rapport/diagnostics_timeline_by_name.png>]
Underfull \hbox (badness 10000) in paragraph at lines 468--469

 []

<Corps_rapport/control_mode_switches.png, id=845, 1149.093pt x 279.444pt>
File: Corps_rapport/control_mode_switches.png Graphic file (type png)
<use Corps_rapport/control_mode_switches.png>
Package pdftex.def Info: Corps_rapport/control_mode_switches.png  used on input line 471.
(pdftex.def)             Requested size: 483.69687pt x 117.63004pt.

Package caption Warning: The option `hypcap=true' will be ignored for this
(caption)                particular \caption on input line 472.
See the caption package documentation for explanation.


Underfull \hbox (badness 10000) in paragraph at lines 476--477

 []

<Corps_rapport/localization_mode_switches.png, id=847, 1149.093pt x 279.444pt>
File: Corps_rapport/localization_mode_switches.png Graphic file (type png)
<use Corps_rapport/localization_mode_switches.png>
Package pdftex.def Info: Corps_rapport/localization_mode_switches.png  used on input line 479.
(pdftex.def)             Requested size: 483.69687pt x 117.63004pt.

Package caption Warning: The option `hypcap=true' will be ignored for this
(caption)                particular \caption on input line 480.
See the caption package documentation for explanation.


Underfull \hbox (badness 10000) in paragraph at lines 489--490

 []


Underfull \hbox (badness 10000) in paragraph at lines 495--496

 []

File: logos/logo_sherpa.png Graphic file (type png)
<use logos/logo_sherpa.png>
Package pdftex.def Info: logos/logo_sherpa.png  used on input line 496.
(pdftex.def)             Requested size: 101.56209pt x 33.86768pt.
File: logos/lhead_logos/logo_polytech_resized.png Graphic file (type png)
<use logos/lhead_logos/logo_polytech_resized.png>
Package pdftex.def Info: logos/lhead_logos/logo_polytech_resized.png  used on input line 496.
(pdftex.def)             Requested size: 120.30582pt x 37.49619pt.
File: logos/lhead_logos/eupi_long_resized.png Graphic file (type png)
<use logos/lhead_logos/eupi_long_resized.png>
Package pdftex.def Info: logos/lhead_logos/eupi_long_resized.png  used on input line 496.
(pdftex.def)             Requested size: 208.9357pt x 40.97769pt.

Package fancyhdr Warning: \headheight is too small (42.67912pt): 
(fancyhdr)                Make it at least 45.32773pt, for example:
(fancyhdr)                \setlength{\headheight}{45.32773pt}.
(fancyhdr)                You might also make \topmargin smaller to compensate:
(fancyhdr)                \addtolength{\topmargin}{-2.6486pt}.

[46 <./Corps_rapport/control_mode_switches.png> <./Corps_rapport/localization_mode_switches.png>]
Underfull \hbox (badness 10000) in paragraph at lines 498--499

 []


Underfull \hbox (badness 10000) in paragraph at lines 503--504

 []


Underfull \hbox (badness 10000) in paragraph at lines 506--507

 []


Underfull \hbox (badness 10000) in paragraph at lines 508--509

 []


Overfull \hbox (0.86528pt too wide) in paragraph at lines 513--514
[]\T1/lmr/bx/n/12 nav_msgs/Odometry \T1/lmr/m/n/12 : Pose du ro-bot dans les dif-fé-rents modes de lo-ca-li-sa-tion (SLAM,
 []


Underfull \hbox (badness 10000) in paragraph at lines 516--517

 []


Underfull \hbox (badness 10000) in paragraph at lines 523--524

 []

File: logos/logo_sherpa.png Graphic file (type png)
<use logos/logo_sherpa.png>
Package pdftex.def Info: logos/logo_sherpa.png  used on input line 528.
(pdftex.def)             Requested size: 101.56209pt x 33.86768pt.
File: logos/lhead_logos/logo_polytech_resized.png Graphic file (type png)
<use logos/lhead_logos/logo_polytech_resized.png>
Package pdftex.def Info: logos/lhead_logos/logo_polytech_resized.png  used on input line 528.
(pdftex.def)             Requested size: 120.30582pt x 37.49619pt.
File: logos/lhead_logos/eupi_long_resized.png Graphic file (type png)
<use logos/lhead_logos/eupi_long_resized.png>
Package pdftex.def Info: logos/lhead_logos/eupi_long_resized.png  used on input line 528.
(pdftex.def)             Requested size: 208.9357pt x 40.97769pt.

Package fancyhdr Warning: \headheight is too small (42.67912pt): 
(fancyhdr)                Make it at least 45.32773pt, for example:
(fancyhdr)                \setlength{\headheight}{45.32773pt}.
(fancyhdr)                You might also make \topmargin smaller to compensate:
(fancyhdr)                \addtolength{\topmargin}{-2.6486pt}.

[47]
Underfull \hbox (badness 10000) in paragraph at lines 537--538

 []


Underfull \hbox (badness 10000) in paragraph at lines 539--540

 []


Overfull \hbox (7.13077pt too wide) in paragraph at lines 544--545
[]\T1/lmr/bx/n/12 /nav_stack/function_waypoints/waypoints_iterator/path_in \T1/lmr/m/n/12 : Pour l'en-semble
 []


Overfull \hbox (9.24074pt too wide) in paragraph at lines 547--548
[]\T1/lmr/bx/n/12 /nav_stack/function_waypoints/waypoints_iterator/next_waypoint_speed \T1/lmr/m/n/12 :
 []


Underfull \hbox (badness 10000) in paragraph at lines 549--550

 []

<Corps_rapport/org_viz_extractor.png, id=866, 688.5725pt x 583.17876pt>
File: Corps_rapport/org_viz_extractor.png Graphic file (type png)
<use Corps_rapport/org_viz_extractor.png>
Package pdftex.def Info: Corps_rapport/org_viz_extractor.png  used on input line 555.
(pdftex.def)             Requested size: 338.58632pt x 286.75673pt.

Package caption Warning: The option `hypcap=true' will be ignored for this
(caption)                particular \caption on input line 556.
See the caption package documentation for explanation.

File: logos/logo_sherpa.png Graphic file (type png)
<use logos/logo_sherpa.png>
Package pdftex.def Info: logos/logo_sherpa.png  used on input line 556.
(pdftex.def)             Requested size: 101.56209pt x 33.86768pt.
File: logos/lhead_logos/logo_polytech_resized.png Graphic file (type png)
<use logos/lhead_logos/logo_polytech_resized.png>
Package pdftex.def Info: logos/lhead_logos/logo_polytech_resized.png  used on input line 556.
(pdftex.def)             Requested size: 120.30582pt x 37.49619pt.
File: logos/lhead_logos/eupi_long_resized.png Graphic file (type png)
<use logos/lhead_logos/eupi_long_resized.png>
Package pdftex.def Info: logos/lhead_logos/eupi_long_resized.png  used on input line 556.
(pdftex.def)             Requested size: 208.9357pt x 40.97769pt.

Package fancyhdr Warning: \headheight is too small (42.67912pt): 
(fancyhdr)                Make it at least 45.32773pt, for example:
(fancyhdr)                \setlength{\headheight}{45.32773pt}.
(fancyhdr)                You might also make \topmargin smaller to compensate:
(fancyhdr)                \addtolength{\topmargin}{-2.6486pt}.

[48]
Underfull \hbox (badness 10000) in paragraph at lines 561--562

 []

<Corps_rapport/evo_trajectory_analysis_xyz.png, id=874, 730.6497pt x 730.6497pt>
File: Corps_rapport/evo_trajectory_analysis_xyz.png Graphic file (type png)
<use Corps_rapport/evo_trajectory_analysis_xyz.png>
Package pdftex.def Info: Corps_rapport/evo_trajectory_analysis_xyz.png  used on input line 567.
(pdftex.def)             Requested size: 222.5038pt x 222.49664pt.
<Corps_rapport/evo_trajectory_analysis_rpy.png, id=875, 733.5405pt x 731.3724pt>
File: Corps_rapport/evo_trajectory_analysis_rpy.png Graphic file (type png)
<use Corps_rapport/evo_trajectory_analysis_rpy.png>
Package pdftex.def Info: Corps_rapport/evo_trajectory_analysis_rpy.png  used on input line 572.
(pdftex.def)             Requested size: 222.5038pt x 221.84625pt.
<Corps_rapport/trajectory_gnss_vs_slam.png, id=877, 1003.1076pt x 810.1467pt>
File: Corps_rapport/trajectory_gnss_vs_slam.png Graphic file (type png)
<use Corps_rapport/trajectory_gnss_vs_slam.png>
Package pdftex.def Info: Corps_rapport/trajectory_gnss_vs_slam.png  used on input line 584.
(pdftex.def)             Requested size: 222.5038pt x 179.70387pt.
<Corps_rapport/trajectory_speed_error.png, id=878, 1004.553pt x 741.4902pt>
File: Corps_rapport/trajectory_speed_error.png Graphic file (type png)
<use Corps_rapport/trajectory_speed_error.png>
Package pdftex.def Info: Corps_rapport/trajectory_speed_error.png  used on input line 589.
(pdftex.def)             Requested size: 241.84843pt x 178.51567pt.
File: logos/logo_sherpa.png Graphic file (type png)
<use logos/logo_sherpa.png>
Package pdftex.def Info: logos/logo_sherpa.png  used on input line 594.
(pdftex.def)             Requested size: 101.56209pt x 33.86768pt.
File: logos/lhead_logos/logo_polytech_resized.png Graphic file (type png)
<use logos/lhead_logos/logo_polytech_resized.png>
Package pdftex.def Info: logos/lhead_logos/logo_polytech_resized.png  used on input line 594.
(pdftex.def)             Requested size: 120.30582pt x 37.49619pt.
File: logos/lhead_logos/eupi_long_resized.png Graphic file (type png)
<use logos/lhead_logos/eupi_long_resized.png>
Package pdftex.def Info: logos/lhead_logos/eupi_long_resized.png  used on input line 594.
(pdftex.def)             Requested size: 208.9357pt x 40.97769pt.

Package fancyhdr Warning: \headheight is too small (42.67912pt): 
(fancyhdr)                Make it at least 45.32773pt, for example:
(fancyhdr)                \setlength{\headheight}{45.32773pt}.
(fancyhdr)                You might also make \topmargin smaller to compensate:
(fancyhdr)                \addtolength{\topmargin}{-2.6486pt}.

[49 <./Corps_rapport/org_viz_extractor.png> <./Corps_rapport/evo_trajectory_analysis_xyz.png> <./Corps_rapport/evo_trajectory_analysis_rpy.png>]
Underfull \hbox (badness 10000) in paragraph at lines 595--596

 []


Underfull \hbox (badness 10000) in paragraph at lines 597--598

 []


Underfull \hbox (badness 10000) in paragraph at lines 602--603

 []

File: logos/logo_sherpa.png Graphic file (type png)
<use logos/logo_sherpa.png>
Package pdftex.def Info: logos/logo_sherpa.png  used on input line 603.
(pdftex.def)             Requested size: 101.56209pt x 33.86768pt.
File: logos/lhead_logos/logo_polytech_resized.png Graphic file (type png)
<use logos/lhead_logos/logo_polytech_resized.png>
Package pdftex.def Info: logos/lhead_logos/logo_polytech_resized.png  used on input line 603.
(pdftex.def)             Requested size: 120.30582pt x 37.49619pt.
File: logos/lhead_logos/eupi_long_resized.png Graphic file (type png)
<use logos/lhead_logos/eupi_long_resized.png>
Package pdftex.def Info: logos/lhead_logos/eupi_long_resized.png  used on input line 603.
(pdftex.def)             Requested size: 208.9357pt x 40.97769pt.

Package fancyhdr Warning: \headheight is too small (42.67912pt): 
(fancyhdr)                Make it at least 45.32773pt, for example:
(fancyhdr)                \setlength{\headheight}{45.32773pt}.
(fancyhdr)                You might also make \topmargin smaller to compensate:
(fancyhdr)                \addtolength{\topmargin}{-2.6486pt}.

[50 <./Corps_rapport/trajectory_gnss_vs_slam.png> <./Corps_rapport/trajectory_speed_error.png>]
<Corps_rapport/org_video_extractor.png, id=896, 544.0325pt x 453.695pt>
File: Corps_rapport/org_video_extractor.png Graphic file (type png)
<use Corps_rapport/org_video_extractor.png>
Package pdftex.def Info: Corps_rapport/org_video_extractor.png  used on input line 605.
(pdftex.def)             Requested size: 338.58632pt x 282.37488pt.


Package caption Warning: The option `hypcap=true' will be ignored for this
(caption)                particular \caption on input line 606.
See the caption package documentation for explanation.


Underfull \hbox (badness 10000) in paragraph at lines 610--611

 []


Underfull \hbox (badness 10000) in paragraph at lines 619--620

 []

<Corps_rapport/video_aggra.png, id=898, 968.61874pt x 649.42625pt>
File: Corps_rapport/video_aggra.png Graphic file (type png)
<use Corps_rapport/video_aggra.png>
Package pdftex.def Info: Corps_rapport/video_aggra.png  used on input line 623.
(pdftex.def)             Requested size: 338.58632pt x 227.01521pt.

Package caption Warning: The option `hypcap=true' will be ignored for this
(caption)                particular \caption on input line 624.
See the caption package documentation for explanation.

File: logos/logo_sherpa.png Graphic file (type png)
<use logos/logo_sherpa.png>
Package pdftex.def Info: logos/logo_sherpa.png  used on input line 624.
(pdftex.def)             Requested size: 101.56209pt x 33.86768pt.
File: logos/lhead_logos/logo_polytech_resized.png Graphic file (type png)
<use logos/lhead_logos/logo_polytech_resized.png>
Package pdftex.def Info: logos/lhead_logos/logo_polytech_resized.png  used on input line 624.
(pdftex.def)             Requested size: 120.30582pt x 37.49619pt.
File: logos/lhead_logos/eupi_long_resized.png Graphic file (type png)
<use logos/lhead_logos/eupi_long_resized.png>
Package pdftex.def Info: logos/lhead_logos/eupi_long_resized.png  used on input line 624.
(pdftex.def)             Requested size: 208.9357pt x 40.97769pt.

Package fancyhdr Warning: \headheight is too small (42.67912pt): 
(fancyhdr)                Make it at least 45.32773pt, for example:
(fancyhdr)                \setlength{\headheight}{45.32773pt}.
(fancyhdr)                You might also make \topmargin smaller to compensate:
(fancyhdr)                \addtolength{\topmargin}{-2.6486pt}.

[51 <./Corps_rapport/org_video_extractor.png>]
Underfull \hbox (badness 10000) in paragraph at lines 631--632

 []

<Corps_rapport/presentation_outil_extraction.png, id=905, 736.7525pt x 366.36874pt>
File: Corps_rapport/presentation_outil_extraction.png Graphic file (type png)
<use Corps_rapport/presentation_outil_extraction.png>
Package pdftex.def Info: Corps_rapport/presentation_outil_extraction.png  used on input line 634.
(pdftex.def)             Requested size: 338.58632pt x 168.36954pt.

Package caption Warning: The option `hypcap=true' will be ignored for this
(caption)                particular \caption on input line 635.
See the caption package documentation for explanation.


Underfull \hbox (badness 10000) in paragraph at lines 643--644

 []

File: logos/logo_sherpa.png Graphic file (type png)
<use logos/logo_sherpa.png>
Package pdftex.def Info: logos/logo_sherpa.png  used on input line 644.
(pdftex.def)             Requested size: 101.56209pt x 33.86768pt.
File: logos/lhead_logos/logo_polytech_resized.png Graphic file (type png)
<use logos/lhead_logos/logo_polytech_resized.png>
Package pdftex.def Info: logos/lhead_logos/logo_polytech_resized.png  used on input line 644.
(pdftex.def)             Requested size: 120.30582pt x 37.49619pt.
File: logos/lhead_logos/eupi_long_resized.png Graphic file (type png)
<use logos/lhead_logos/eupi_long_resized.png>
Package pdftex.def Info: logos/lhead_logos/eupi_long_resized.png  used on input line 644.
(pdftex.def)             Requested size: 208.9357pt x 40.97769pt.

Package fancyhdr Warning: \headheight is too small (42.67912pt): 
(fancyhdr)                Make it at least 45.32773pt, for example:
(fancyhdr)                \setlength{\headheight}{45.32773pt}.
(fancyhdr)                You might also make \topmargin smaller to compensate:
(fancyhdr)                \addtolength{\topmargin}{-2.6486pt}.

[52 <./Corps_rapport/video_aggra.png> <./Corps_rapport/presentation_outil_extraction.png>]
Underfull \hbox (badness 10000) in paragraph at lines 645--646

 []


Underfull \hbox (badness 10000) in paragraph at lines 647--648

 []


Underfull \hbox (badness 10000) in paragraph at lines 652--653

 []


Underfull \hbox (badness 10000) in paragraph at lines 655--656

 []

<Corps_rapport/suivi_lisiere_05.png, id=914, 838.13126pt x 519.9425pt>
File: Corps_rapport/suivi_lisiere_05.png Graphic file (type png)
<use Corps_rapport/suivi_lisiere_05.png>
Package pdftex.def Info: Corps_rapport/suivi_lisiere_05.png  used on input line 661.
(pdftex.def)             Requested size: 290.22107pt x 180.03885pt.
<Corps_rapport/suivi_lisiere_1.png, id=915, 340.27126pt x 499.8675pt>
File: Corps_rapport/suivi_lisiere_1.png Graphic file (type png)
<use Corps_rapport/suivi_lisiere_1.png>
Package pdftex.def Info: Corps_rapport/suivi_lisiere_1.png  used on input line 666.
(pdftex.def)             Requested size: 120.92421pt x 177.64107pt.

Underfull \hbox (badness 10000) in paragraph at lines 672--673

 []

File: logos/logo_sherpa.png Graphic file (type png)
<use logos/logo_sherpa.png>
Package pdftex.def Info: logos/logo_sherpa.png  used on input line 673.
(pdftex.def)             Requested size: 101.56209pt x 33.86768pt.
File: logos/lhead_logos/logo_polytech_resized.png Graphic file (type png)
<use logos/lhead_logos/logo_polytech_resized.png>
Package pdftex.def Info: logos/lhead_logos/logo_polytech_resized.png  used on input line 673.
(pdftex.def)             Requested size: 120.30582pt x 37.49619pt.
File: logos/lhead_logos/eupi_long_resized.png Graphic file (type png)
<use logos/lhead_logos/eupi_long_resized.png>
Package pdftex.def Info: logos/lhead_logos/eupi_long_resized.png  used on input line 673.
(pdftex.def)             Requested size: 208.9357pt x 40.97769pt.

Package fancyhdr Warning: \headheight is too small (42.67912pt): 
(fancyhdr)                Make it at least 45.32773pt, for example:
(fancyhdr)                \setlength{\headheight}{45.32773pt}.
(fancyhdr)                You might also make \topmargin smaller to compensate:
(fancyhdr)                \addtolength{\topmargin}{-2.6486pt}.

[53 <./Corps_rapport/suivi_lisiere_05.png> <./Corps_rapport/suivi_lisiere_1.png>]
Underfull \hbox (badness 10000) in paragraph at lines 674--675

 []


Underfull \hbox (badness 10000) in paragraph at lines 686--687

 []


Underfull \hbox (badness 10000) in paragraph at lines 689--690

 []


Underfull \hbox (badness 10000) in paragraph at lines 691--692

 []

File: logos/logo_sherpa.png Graphic file (type png)
<use logos/logo_sherpa.png>
Package pdftex.def Info: logos/logo_sherpa.png  used on input line 692.
(pdftex.def)             Requested size: 101.56209pt x 33.86768pt.
File: logos/lhead_logos/logo_polytech_resized.png Graphic file (type png)
<use logos/lhead_logos/logo_polytech_resized.png>
Package pdftex.def Info: logos/lhead_logos/logo_polytech_resized.png  used on input line 692.
(pdftex.def)             Requested size: 120.30582pt x 37.49619pt.
File: logos/lhead_logos/eupi_long_resized.png Graphic file (type png)
<use logos/lhead_logos/eupi_long_resized.png>
Package pdftex.def Info: logos/lhead_logos/eupi_long_resized.png  used on input line 692.
(pdftex.def)             Requested size: 208.9357pt x 40.97769pt.

Package fancyhdr Warning: \headheight is too small (42.67912pt): 
(fancyhdr)                Make it at least 45.32773pt, for example:
(fancyhdr)                \setlength{\headheight}{45.32773pt}.
(fancyhdr)                You might also make \topmargin smaller to compensate:
(fancyhdr)                \addtolength{\topmargin}{-2.6486pt}.

[54]
Underfull \hbox (badness 10000) in paragraph at lines 693--694

 []

<Corps_rapport/org_review_border_follow.png, id=931, 743.77875pt x 239.89626pt>
File: Corps_rapport/org_review_border_follow.png Graphic file (type png)
<use Corps_rapport/org_review_border_follow.png>
Package pdftex.def Info: Corps_rapport/org_review_border_follow.png  used on input line 696.
(pdftex.def)             Requested size: 483.69687pt x 156.0149pt.

Package caption Warning: The option `hypcap=true' will be ignored for this
(caption)                particular \caption on input line 697.
See the caption package documentation for explanation.


Underfull \hbox (badness 10000) in paragraph at lines 705--706

 []


Underfull \hbox (badness 10000) in paragraph at lines 718--719

 []


Underfull \hbox (badness 10000) in paragraph at lines 729--730

 []

File: logos/logo_sherpa.png Graphic file (type png)
<use logos/logo_sherpa.png>
Package pdftex.def Info: logos/logo_sherpa.png  used on input line 730.
(pdftex.def)             Requested size: 101.56209pt x 33.86768pt.
File: logos/lhead_logos/logo_polytech_resized.png Graphic file (type png)
<use logos/lhead_logos/logo_polytech_resized.png>
Package pdftex.def Info: logos/lhead_logos/logo_polytech_resized.png  used on input line 730.
(pdftex.def)             Requested size: 120.30582pt x 37.49619pt.
File: logos/lhead_logos/eupi_long_resized.png Graphic file (type png)
<use logos/lhead_logos/eupi_long_resized.png>
Package pdftex.def Info: logos/lhead_logos/eupi_long_resized.png  used on input line 730.
(pdftex.def)             Requested size: 208.9357pt x 40.97769pt.

Package fancyhdr Warning: \headheight is too small (42.67912pt): 
(fancyhdr)                Make it at least 45.32773pt, for example:
(fancyhdr)                \setlength{\headheight}{45.32773pt}.
(fancyhdr)                You might also make \topmargin smaller to compensate:
(fancyhdr)                \addtolength{\topmargin}{-2.6486pt}.

[55 <./Corps_rapport/org_review_border_follow.png>]
Underfull \hbox (badness 10000) in paragraph at lines 738--739

 []


Underfull \hbox (badness 10000) in paragraph at lines 740--741

 []


Underfull \hbox (badness 10000) in paragraph at lines 749--750

 []


Underfull \hbox (badness 10000) in paragraph at lines 767--768

 []


Underfull \hbox (badness 10000) in paragraph at lines 776--777

 []

File: logos/logo_sherpa.png Graphic file (type png)
<use logos/logo_sherpa.png>
Package pdftex.def Info: logos/logo_sherpa.png  used on input line 779.
(pdftex.def)             Requested size: 101.56209pt x 33.86768pt.
File: logos/lhead_logos/logo_polytech_resized.png Graphic file (type png)
<use logos/lhead_logos/logo_polytech_resized.png>
Package pdftex.def Info: logos/lhead_logos/logo_polytech_resized.png  used on input line 779.
(pdftex.def)             Requested size: 120.30582pt x 37.49619pt.
File: logos/lhead_logos/eupi_long_resized.png Graphic file (type png)
<use logos/lhead_logos/eupi_long_resized.png>
Package pdftex.def Info: logos/lhead_logos/eupi_long_resized.png  used on input line 779.
(pdftex.def)             Requested size: 208.9357pt x 40.97769pt.

Package fancyhdr Warning: \headheight is too small (42.67912pt): 
(fancyhdr)                Make it at least 45.32773pt, for example:
(fancyhdr)                \setlength{\headheight}{45.32773pt}.
(fancyhdr)                You might also make \topmargin smaller to compensate:
(fancyhdr)                \addtolength{\topmargin}{-2.6486pt}.

[56]
Underfull \hbox (badness 10000) in paragraph at lines 787--788

 []


Underfull \hbox (badness 10000) in paragraph at lines 791--792

 []


Underfull \hbox (badness 10000) in paragraph at lines 807--808

 []

<Corps_rapport/eband_3.png, id=950, 835.12pt x 779.91376pt>
File: Corps_rapport/eband_3.png Graphic file (type png)
<use Corps_rapport/eband_3.png>
Package pdftex.def Info: Corps_rapport/eband_3.png  used on input line 813.
(pdftex.def)             Requested size: 157.2pt x 146.80469pt.
<Corps_rapport/eband_2.png, id=951, 835.12pt x 779.91376pt>
File: Corps_rapport/eband_2.png Graphic file (type png)
<use Corps_rapport/eband_2.png>
Package pdftex.def Info: Corps_rapport/eband_2.png  used on input line 820.
(pdftex.def)             Requested size: 157.2pt x 146.80469pt.
<Corps_rapport/eband_1.png, id=952, 835.12pt x 779.91376pt>
File: Corps_rapport/eband_1.png Graphic file (type png)
<use Corps_rapport/eband_1.png>
Package pdftex.def Info: Corps_rapport/eband_1.png  used on input line 827.
(pdftex.def)             Requested size: 157.2pt x 146.80469pt.
File: logos/logo_sherpa.png Graphic file (type png)
<use logos/logo_sherpa.png>
Package pdftex.def Info: logos/logo_sherpa.png  used on input line 834.
(pdftex.def)             Requested size: 101.56209pt x 33.86768pt.
File: logos/lhead_logos/logo_polytech_resized.png Graphic file (type png)
<use logos/lhead_logos/logo_polytech_resized.png>
Package pdftex.def Info: logos/lhead_logos/logo_polytech_resized.png  used on input line 834.
(pdftex.def)             Requested size: 120.30582pt x 37.49619pt.
File: logos/lhead_logos/eupi_long_resized.png Graphic file (type png)
<use logos/lhead_logos/eupi_long_resized.png>
Package pdftex.def Info: logos/lhead_logos/eupi_long_resized.png  used on input line 834.
(pdftex.def)             Requested size: 208.9357pt x 40.97769pt.

Package fancyhdr Warning: \headheight is too small (42.67912pt): 
(fancyhdr)                Make it at least 45.32773pt, for example:
(fancyhdr)                \setlength{\headheight}{45.32773pt}.
(fancyhdr)                You might also make \topmargin smaller to compensate:
(fancyhdr)                \addtolength{\topmargin}{-2.6486pt}.

[57]
Underfull \hbox (badness 10000) in paragraph at lines 835--836

 []


Underfull \hbox (badness 10000) in paragraph at lines 837--838

 []

))
File: logos/logo_sherpa.png Graphic file (type png)
<use logos/logo_sherpa.png>
Package pdftex.def Info: logos/logo_sherpa.png  used on input line 127.
(pdftex.def)             Requested size: 101.56209pt x 33.86768pt.
File: logos/lhead_logos/logo_polytech_resized.png Graphic file (type png)
<use logos/lhead_logos/logo_polytech_resized.png>
Package pdftex.def Info: logos/lhead_logos/logo_polytech_resized.png  used on input line 127.
(pdftex.def)             Requested size: 120.30582pt x 37.49619pt.
File: logos/lhead_logos/eupi_long_resized.png Graphic file (type png)
<use logos/lhead_logos/eupi_long_resized.png>
Package pdftex.def Info: logos/lhead_logos/eupi_long_resized.png  used on input line 127.
(pdftex.def)             Requested size: 208.9357pt x 40.97769pt.


Package fancyhdr Warning: \headheight is too small (42.67912pt): 
(fancyhdr)                Make it at least 45.32773pt, for example:
(fancyhdr)                \setlength{\headheight}{45.32773pt}.
(fancyhdr)                You might also make \topmargin smaller to compensate:
(fancyhdr)                \addtolength{\topmargin}{-2.6486pt}.

[58 <./Corps_rapport/eband_3.png> <./Corps_rapport/eband_2.png> <./Corps_rapport/eband_1.png>] (./Conclusion/Conclusion.tex
Underfull \hbox (badness 10000) in paragraph at lines 5--8

 []

File: logos/logo_sherpa.png Graphic file (type png)
<use logos/logo_sherpa.png>
Package pdftex.def Info: logos/logo_sherpa.png  used on input line 13.
(pdftex.def)             Requested size: 101.56209pt x 33.86768pt.
File: logos/lhead_logos/logo_polytech_resized.png Graphic file (type png)
<use logos/lhead_logos/logo_polytech_resized.png>
Package pdftex.def Info: logos/lhead_logos/logo_polytech_resized.png  used on input line 13.
(pdftex.def)             Requested size: 120.30582pt x 37.49619pt.
File: logos/lhead_logos/eupi_long_resized.png Graphic file (type png)
<use logos/lhead_logos/eupi_long_resized.png>
Package pdftex.def Info: logos/lhead_logos/eupi_long_resized.png  used on input line 13.
(pdftex.def)             Requested size: 208.9357pt x 40.97769pt.

Package fancyhdr Warning: \headheight is too small (42.67912pt): 
(fancyhdr)                Make it at least 45.32773pt, for example:
(fancyhdr)                \setlength{\headheight}{45.32773pt}.
(fancyhdr)                You might also make \topmargin smaller to compensate:
(fancyhdr)                \addtolength{\topmargin}{-2.6486pt}.

[59]
File: logos/logo_sherpa.png Graphic file (type png)
<use logos/logo_sherpa.png>
Package pdftex.def Info: logos/logo_sherpa.png  used on input line 38.
(pdftex.def)             Requested size: 101.56209pt x 33.86768pt.
File: logos/lhead_logos/logo_polytech_resized.png Graphic file (type png)
<use logos/lhead_logos/logo_polytech_resized.png>
Package pdftex.def Info: logos/lhead_logos/logo_polytech_resized.png  used on input line 38.
(pdftex.def)             Requested size: 120.30582pt x 37.49619pt.
File: logos/lhead_logos/eupi_long_resized.png Graphic file (type png)
<use logos/lhead_logos/eupi_long_resized.png>
Package pdftex.def Info: logos/lhead_logos/eupi_long_resized.png  used on input line 38.
(pdftex.def)             Requested size: 208.9357pt x 40.97769pt.


Package fancyhdr Warning: \headheight is too small (42.67912pt): 
(fancyhdr)                Make it at least 45.32773pt, for example:
(fancyhdr)                \setlength{\headheight}{45.32773pt}.
(fancyhdr)                You might also make \topmargin smaller to compensate:
(fancyhdr)                \addtolength{\topmargin}{-2.6486pt}.

[60])
File: logos/logo_sherpa.png Graphic file (type png)
<use logos/logo_sherpa.png>
Package pdftex.def Info: logos/logo_sherpa.png  used on input line 130.
(pdftex.def)             Requested size: 101.56209pt x 33.86768pt.
File: logos/lhead_logos/logo_polytech_resized.png Graphic file (type png)
<use logos/lhead_logos/logo_polytech_resized.png>
Package pdftex.def Info: logos/lhead_logos/logo_polytech_resized.png  used on input line 130.
(pdftex.def)             Requested size: 120.30582pt x 37.49619pt.
File: logos/lhead_logos/eupi_long_resized.png Graphic file (type png)
<use logos/lhead_logos/eupi_long_resized.png>
Package pdftex.def Info: logos/lhead_logos/eupi_long_resized.png  used on input line 130.
(pdftex.def)             Requested size: 208.9357pt x 40.97769pt.


Package fancyhdr Warning: \headheight is too small (42.67912pt): 
(fancyhdr)                Make it at least 45.32773pt, for example:
(fancyhdr)                \setlength{\headheight}{45.32773pt}.
(fancyhdr)                You might also make \topmargin smaller to compensate:
(fancyhdr)                \addtolength{\topmargin}{-2.6486pt}.

[61] (./bibliography/bib.tex
Underfull \hbox (badness 10000) in paragraph at lines 4--5
[]\T1/lmr/m/n/12 AGENCE NA-TIO-NALE DE LA RE-CHERCHE (ANR). Rè-gle-ment gé-né-
 []


Underfull \hbox (badness 3148) in paragraph at lines 4--5
\T1/lmr/m/n/12 ral du Chal-lenge MO-BI-LEX [en ligne]. Pa-ris : ANR, 2023. Dis-po-nible sur :
 []


Underfull \hbox (badness 1152) in paragraph at lines 4--5
\T1/lmr/m/n/12 <[]https://anr.fr/fileadmin/aap/2023/aap-mobilex-2023-reglement-general.pdf[]> (consulté
 []

File: logos/logo_sherpa.png Graphic file (type png)
<use logos/logo_sherpa.png>
Package pdftex.def Info: logos/logo_sherpa.png  used on input line 48.
(pdftex.def)             Requested size: 101.56209pt x 33.86768pt.
File: logos/lhead_logos/logo_polytech_resized.png Graphic file (type png)
<use logos/lhead_logos/logo_polytech_resized.png>
Package pdftex.def Info: logos/lhead_logos/logo_polytech_resized.png  used on input line 48.
(pdftex.def)             Requested size: 120.30582pt x 37.49619pt.
File: logos/lhead_logos/eupi_long_resized.png Graphic file (type png)
<use logos/lhead_logos/eupi_long_resized.png>
Package pdftex.def Info: logos/lhead_logos/eupi_long_resized.png  used on input line 48.
(pdftex.def)             Requested size: 208.9357pt x 40.97769pt.

Package fancyhdr Warning: \headheight is too small (42.67912pt): 
(fancyhdr)                Make it at least 45.32773pt, for example:
(fancyhdr)                \setlength{\headheight}{45.32773pt}.
(fancyhdr)                You might also make \topmargin smaller to compensate:
(fancyhdr)                \addtolength{\topmargin}{-2.6486pt}.

[62]
Underfull \hbox (badness 10000) in paragraph at lines 73--74
[]\T1/lmr/m/n/12 LENGAGNE S. Cor-rec-tion des sys-tèmes li-néaires échan-tillon-nés [En
 []


Underfull \hbox (badness 10000) in paragraph at lines 73--74
\T1/lmr/m/n/12 ligne]. Sup-port de cours. Po-ly-tech Cler-mont. [s.d.]. Dis-po-nible sur :
 []


Overfull \hbox (45.49852pt too wide) in paragraph at lines 73--74
\T1/lmr/m/n/12 <[]https://moodle2024.uca.fr/pluginfile.php/691566/mod_resource/content/2/Auro3_Seance.pdf[]>
 []


Underfull \hbox (badness 10000) in paragraph at lines 76--77
[]\T1/lmr/m/n/12 THOMASFERMI. Al-go-rithms for Au-to-ma-ted Dri-ving : Pure Pur-suit. [En
 []


Underfull \hbox (badness 5893) in paragraph at lines 76--77
\T1/lmr/m/n/12 ligne]. Dis-po-nible sur : <[]https://thomasfermi.github.io/Algorithms-for-Automated-
 []

./bibliography/bib.tex:79: Missing $ inserted.
<inserted text> 
                $
l.79 ...M_Lidar_Odometry_and_Mapping_in_Real-time}
                                                  > (ConsultÃ© le 28.07.2026).
I've inserted a begin-math/end-math symbol since I think
you left one out. Proceed, with fingers crossed.

./bibliography/bib.tex:79: Missing $ inserted.
<inserted text> 
                $
l.79 ...M_Lidar_Odometry_and_Mapping_in_Real-time}
                                                  > (ConsultÃ© le 28.07.2026).
I've inserted something that you may have forgotten.
(See the <inserted text> above.)
With luck, this will get me unwedged. But if you
really didn't forget anything, try typing `2' now; then
my insertion and my current dilemma will both disappear.


Underfull \hbox (badness 10000) in paragraph at lines 79--80
[]\T1/lmr/m/n/12 J. Zhang and S. Singh, ^^PLoam : Li-dar odo-me-try and map-
 []


Underfull \hbox (badness 10000) in paragraph at lines 79--80
\T1/lmr/m/n/12 ping in real-time,^^Q in Pro-cee-dings of Ro-bo-tics. Dis-po-nible sur :
 []


Overfull \hbox (42.55476pt too wide) in paragraph at lines 79--80
\T1/lmr/m/n/12 <[]https://www.researchgate.net/publication/282704722$[]\OML/lmm/m/it/12 OAM[]idar[]dometry[]nd[]apping[]n[]eal \U/matha/m/n/12 ^^A
 []


Underfull \hbox (badness 1968) in paragraph at lines 82--83
[]\T1/lmr/m/n/12 Kitware, ^^PLi-dar SLAM : Spot-light on Kit-wa-re's open-source li-brary.^^Q Dis-po-nible
 []

./bibliography/bib.tex:94: Missing $ inserted.
<inserted text> 
                $
l.94 ...://en.wikipedia.org/wiki/Kabsch_algorithm}
                                                  > (ConsultÃ© le 28.06.2026).
I've inserted a begin-math/end-math symbol since I think
you left one out. Proceed, with fingers crossed.

./bibliography/bib.tex:94: Missing $ inserted.
<inserted text> 
                $
l.94 ...://en.wikipedia.org/wiki/Kabsch_algorithm}
                                                  > (ConsultÃ© le 28.06.2026).
I've inserted something that you may have forgotten.
(See the <inserted text> above.)
With luck, this will get me unwedged. But if you
really didn't forget anything, try typing `2' now; then
my insertion and my current dilemma will both disappear.

File: logos/logo_sherpa.png Graphic file (type png)
<use logos/logo_sherpa.png>
Package pdftex.def Info: logos/logo_sherpa.png  used on input line 96.
(pdftex.def)             Requested size: 101.56209pt x 33.86768pt.
File: logos/lhead_logos/logo_polytech_resized.png Graphic file (type png)
<use logos/lhead_logos/logo_polytech_resized.png>
Package pdftex.def Info: logos/lhead_logos/logo_polytech_resized.png  used on input line 96.
(pdftex.def)             Requested size: 120.30582pt x 37.49619pt.
File: logos/lhead_logos/eupi_long_resized.png Graphic file (type png)
<use logos/lhead_logos/eupi_long_resized.png>
Package pdftex.def Info: logos/lhead_logos/eupi_long_resized.png  used on input line 96.
(pdftex.def)             Requested size: 208.9357pt x 40.97769pt.

Package fancyhdr Warning: \headheight is too small (42.67912pt): 
(fancyhdr)                Make it at least 45.32773pt, for example:
(fancyhdr)                \setlength{\headheight}{45.32773pt}.
(fancyhdr)                You might also make \topmargin smaller to compensate:
(fancyhdr)                \addtolength{\topmargin}{-2.6486pt}.

[63]
./bibliography/bib.tex:106: Missing $ inserted.
<inserted text> 
                $
l.106 .../publications/pdfs/Quinlan_1993_ICRA.pdf}
                                                  >.
I've inserted a begin-math/end-math symbol since I think
you left one out. Proceed, with fingers crossed.

./bibliography/bib.tex:106: Missing $ inserted.
<inserted text> 
                $
l.106 .../publications/pdfs/Quinlan_1993_ICRA.pdf}
                                                  >.
I've inserted something that you may have forgotten.
(See the <inserted text> above.)
With luck, this will get me unwedged. But if you
really didn't forget anything, try typing `2' now; then
my insertion and my current dilemma will both disappear.


Underfull \hbox (badness 10000) in paragraph at lines 106--107
[]\T1/lmr/m/n/12 QUINLAN S., Kha-tib O. Elas-tic Bands : Connec-ting Path Plan-
 []


Underfull \hbox (badness 10000) in paragraph at lines 106--107
\T1/lmr/m/n/12 ning and Control. In : Pro-cee-dings of the IEEE In-ter-na-tio-nal Confe-
 []


Underfull \hbox (badness 10000) in paragraph at lines 106--107
\T1/lmr/m/n/12 rence on Ro-bo-tics and Au-to-ma-tion (ICRA), 1993. Dis-po-nible sur :
 []

./bibliography/bib.tex:109: Missing $ inserted.
<inserted text> 
                $
l.109 ...exas-bwi/eband_local_planner/tree/master}
                                                  >.
I've inserted a begin-math/end-math symbol since I think
you left one out. Proceed, with fingers crossed.

./bibliography/bib.tex:109: Missing $ inserted.
<inserted text> 
                $
l.109 ...exas-bwi/eband_local_planner/tree/master}
                                                  >.
I've inserted something that you may have forgotten.
(See the <inserted text> above.)
With luck, this will get me unwedged. But if you
really didn't forget anything, try typing `2' now; then
my insertion and my current dilemma will both disappear.


Underfull \hbox (badness 10000) in paragraph at lines 109--110
[]\T1/lmr/m/n/12 UTEXAS BWI. Eband Lo-cal Plan-ner. [En ligne]. Dis-po-nible sur :
 []

)
File: logos/logo_sherpa.png Graphic file (type png)
<use logos/logo_sherpa.png>
Package pdftex.def Info: logos/logo_sherpa.png  used on input line 133.
(pdftex.def)             Requested size: 101.56209pt x 33.86768pt.
File: logos/lhead_logos/logo_polytech_resized.png Graphic file (type png)
<use logos/lhead_logos/logo_polytech_resized.png>
Package pdftex.def Info: logos/lhead_logos/logo_polytech_resized.png  used on input line 133.
(pdftex.def)             Requested size: 120.30582pt x 37.49619pt.
File: logos/lhead_logos/eupi_long_resized.png Graphic file (type png)
<use logos/lhead_logos/eupi_long_resized.png>
Package pdftex.def Info: logos/lhead_logos/eupi_long_resized.png  used on input line 133.
(pdftex.def)             Requested size: 208.9357pt x 40.97769pt.


Package fancyhdr Warning: \headheight is too small (42.67912pt): 
(fancyhdr)                Make it at least 45.32773pt, for example:
(fancyhdr)                \setlength{\headheight}{45.32773pt}.
(fancyhdr)                You might also make \topmargin smaller to compensate:
(fancyhdr)                \addtolength{\topmargin}{-2.6486pt}.

[64] (./main.toc
Package tocbasic Info: Using my definition of `\numberline' on input line 2.
Package tocbasic Info: Using my definition of `\numberline' on input line 3.
Package tocbasic Info: Using my definition of `\numberline' on input line 4.
Package tocbasic Info: Using my definition of `\numberline' on input line 5.
Package tocbasic Info: Using my definition of `\numberline' on input line 6.
Package tocbasic Info: Using my definition of `\numberline' on input line 7.
Package tocbasic Info: Using my definition of `\numberline' on input line 8.
Package tocbasic Info: Using my definition of `\numberline' on input line 9.
Package tocbasic Info: Using my definition of `\numberline' on input line 10.
Package tocbasic Info: Using my definition of `\numberline' on input line 11.
Package tocbasic Info: Using my definition of `\numberline' on input line 12.
Package tocbasic Info: Using my definition of `\numberline' on input line 13.
Package tocbasic Info: Using my definition of `\numberline' on input line 14.
Package tocbasic Info: Using my definition of `\numberline' on input line 15.
Package tocbasic Info: Using my definition of `\numberline' on input line 16.
Package tocbasic Info: Using my definition of `\numberline' on input line 17.
Package tocbasic Info: Using my definition of `\numberline' on input line 18.
Package tocbasic Info: Using my definition of `\numberline' on input line 19.
Package tocbasic Info: Using my definition of `\numberline' on input line 20.
Package tocbasic Info: Using my definition of `\numberline' on input line 21.
Package tocbasic Info: Using my definition of `\numberline' on input line 22.
Package tocbasic Info: Using my definition of `\numberline' on input line 23.
Package tocbasic Info: Using my definition of `\numberline' on input line 24.
Package tocbasic Info: Using my definition of `\numberline' on input line 25.
Package tocbasic Info: Using my definition of `\numberline' on input line 26.
Package tocbasic Info: Using my definition of `\numberline' on input line 27.
Package tocbasic Info: Using my definition of `\numberline' on input line 28.
Package tocbasic Info: Using my definition of `\numberline' on input line 29.
Package tocbasic Info: Using my definition of `\numberline' on input line 30.
Package tocbasic Info: Using my definition of `\numberline' on input line 31.
Package tocbasic Info: Using my definition of `\numberline' on input line 32.
Package tocbasic Info: Using my definition of `\numberline' on input line 33.
Package tocbasic Info: Using my definition of `\numberline' on input line 34.
Package tocbasic Info: Using my definition of `\numberline' on input line 35.
Package tocbasic Info: Using my definition of `\numberline' on input line 36.
Package tocbasic Info: Using my definition of `\numberline' on input line 37.
Package tocbasic Info: Using my definition of `\numberline' on input line 38.
Package tocbasic Info: Using my definition of `\numberline' on input line 39.
Package tocbasic Info: Using my definition of `\numberline' on input line 40.
Package tocbasic Info: Using my definition of `\numberline' on input line 41.
Package tocbasic Info: Using my definition of `\numberline' on input line 42.
Package tocbasic Info: Using my definition of `\numberline' on input line 43.
Package tocbasic Info: Using my definition of `\numberline' on input line 44.
Package tocbasic Info: Using my definition of `\numberline' on input line 45.
Package tocbasic Info: Using my definition of `\numberline' on input line 46.
File: logos/logo_sherpa.png Graphic file (type png)
<use logos/logo_sherpa.png>
Package pdftex.def Info: logos/logo_sherpa.png  used on input line 47.
(pdftex.def)             Requested size: 101.56209pt x 33.86768pt.
File: logos/lhead_logos/logo_polytech_resized.png Graphic file (type png)
<use logos/lhead_logos/logo_polytech_resized.png>
Package pdftex.def Info: logos/lhead_logos/logo_polytech_resized.png  used on input line 47.
(pdftex.def)             Requested size: 120.30582pt x 37.49619pt.
File: logos/lhead_logos/eupi_long_resized.png Graphic file (type png)
<use logos/lhead_logos/eupi_long_resized.png>
Package pdftex.def Info: logos/lhead_logos/eupi_long_resized.png  used on input line 47.
(pdftex.def)             Requested size: 208.9357pt x 40.97769pt.


Package fancyhdr Warning: \headheight is too small (42.67912pt): 
(fancyhdr)                Make it at least 45.32773pt, for example:
(fancyhdr)                \setlength{\headheight}{45.32773pt}.
(fancyhdr)                You might also make \topmargin smaller to compensate:
(fancyhdr)                \addtolength{\topmargin}{-2.6486pt}.

[65]
Package tocbasic Info: Using my definition of `\numberline' on input line 47.
Package tocbasic Info: Using my definition of `\numberline' on input line 48.
Package tocbasic Info: Using my definition of `\numberline' on input line 49.
Package tocbasic Info: Using my definition of `\numberline' on input line 50.
Package tocbasic Info: Using my definition of `\numberline' on input line 51.
Package tocbasic Info: Using my definition of `\numberline' on input line 52.
Package tocbasic Info: Using my definition of `\numberline' on input line 53.
Package tocbasic Info: Using my definition of `\numberline' on input line 54.
Package tocbasic Info: Using my definition of `\numberline' on input line 55.
Package tocbasic Info: Using my definition of `\numberline' on input line 56.
Package tocbasic Info: Using my definition of `\numberline' on input line 57.
Package tocbasic Info: Using my definition of `\numberline' on input line 58.
Package tocbasic Info: Using my definition of `\numberline' on input line 62.
Package tocbasic Info: Using my definition of `\numberline' on input line 67.
Package tocbasic Info: Using my definition of `\numberline' on input line 68.
Package tocbasic Info: Using my definition of `\numberline' on input line 69.
Package tocbasic Info: Using my definition of `\numberline' on input line 70.
Package tocbasic Info: Using my definition of `\numberline' on input line 71.

Overfull \hbox (2.48492pt too wide) in paragraph at lines 71--71
 [][] [][]\T1/lmr/m/n/12 Méthode ba-sée sur la spé-ci-fi-ca-tion et l'au-to-ma-ti-sa-tion des oracles 
 []

Package tocbasic Info: Using my definition of `\numberline' on input line 74.
Package tocbasic Info: Using my definition of `\numberline' on input line 77.
Package tocbasic Info: Using my definition of `\numberline' on input line 80.
Package tocbasic Info: Using my definition of `\numberline' on input line 81.
Package tocbasic Info: Using my definition of `\numberline' on input line 82.
Package tocbasic Info: Using my definition of `\numberline' on input line 83.
Package tocbasic Info: Using my definition of `\numberline' on input line 84.
Package tocbasic Info: Using my definition of `\numberline' on input line 87.
Package tocbasic Info: Using my definition of `\numberline' on input line 88.
Package tocbasic Info: Using my definition of `\numberline' on input line 89.
Package tocbasic Info: Using my definition of `\numberline' on input line 90.
Package tocbasic Info: Using my definition of `\numberline' on input line 93.
Package tocbasic Info: Using my definition of `\numberline' on input line 94.
)
\tf@toc=\write11
\openout11 = `main.toc'.

File: logos/logo_sherpa.png Graphic file (type png)
<use logos/logo_sherpa.png>
Package pdftex.def Info: logos/logo_sherpa.png  used on input line 140.
(pdftex.def)             Requested size: 101.56209pt x 33.86768pt.
File: logos/lhead_logos/logo_polytech_resized.png Graphic file (type png)
<use logos/lhead_logos/logo_polytech_resized.png>
Package pdftex.def Info: logos/lhead_logos/logo_polytech_resized.png  used on input line 140.
(pdftex.def)             Requested size: 120.30582pt x 37.49619pt.
File: logos/lhead_logos/eupi_long_resized.png Graphic file (type png)
<use logos/lhead_logos/eupi_long_resized.png>
Package pdftex.def Info: logos/lhead_logos/eupi_long_resized.png  used on input line 140.
(pdftex.def)             Requested size: 208.9357pt x 40.97769pt.


Package fancyhdr Warning: \headheight is too small (42.67912pt): 
(fancyhdr)                Make it at least 45.32773pt, for example:
(fancyhdr)                \setlength{\headheight}{45.32773pt}.
(fancyhdr)                You might also make \topmargin smaller to compensate:
(fancyhdr)                \addtolength{\topmargin}{-2.6486pt}.

[66] (./Appendix/appendix.tex [67]

LaTeX Warning: Hyper reference `sec:annexe1' on page  undefined on input line 14.


LaTeX Warning: Hyper reference `sec:annexe2' on page  undefined on input line 15.


LaTeX Warning: Hyper reference `sec:annexe3' on page  undefined on input line 16.


LaTeX Warning: Hyper reference `sec:annexe4' on page  undefined on input line 17.


LaTeX Warning: Hyper reference `sec:annexe5' on page  undefined on input line 18.


LaTeX Warning: Hyper reference `sec:annexe6' on page  undefined on input line 19.


LaTeX Warning: Hyper reference `sec:annexe7' on page  undefined on input line 20.


LaTeX Warning: Hyper reference `sec:annexe8' on page  undefined on input line 21.


Underfull \hbox (badness 10000) in paragraph at lines 13--22

 []

File: logos/logo_sherpa.png Graphic file (type png)
<use logos/logo_sherpa.png>
Package pdftex.def Info: logos/logo_sherpa.png  used on input line 23.
(pdftex.def)             Requested size: 101.56209pt x 33.86768pt.
File: logos/lhead_logos/logo_polytech_resized.png Graphic file (type png)
<use logos/lhead_logos/logo_polytech_resized.png>
Package pdftex.def Info: logos/lhead_logos/logo_polytech_resized.png  used on input line 23.
(pdftex.def)             Requested size: 120.30582pt x 37.49619pt.
File: logos/lhead_logos/eupi_long_resized.png Graphic file (type png)
<use logos/lhead_logos/eupi_long_resized.png>
Package pdftex.def Info: logos/lhead_logos/eupi_long_resized.png  used on input line 23.
(pdftex.def)             Requested size: 208.9357pt x 40.97769pt.

Package fancyhdr Warning: \headheight is too small (42.67912pt): 
(fancyhdr)                Make it at least 45.32773pt, for example:
(fancyhdr)                \setlength{\headheight}{45.32773pt}.
(fancyhdr)                You might also make \topmargin smaller to compensate:
(fancyhdr)                \addtolength{\topmargin}{-2.6486pt}.

pdfTeX warning (ext4): destination with the same identifier (name{page.}) has been already used, duplicate ignored
<to be read again> 
                   \relax 
l.23 \newpage
              [68]
<Appendix/gazebo_sim_graph.png, id=1127, 1938.49219pt x 587.94656pt>
File: Appendix/gazebo_sim_graph.png Graphic file (type png)
<use Appendix/gazebo_sim_graph.png>
Package pdftex.def Info: Appendix/gazebo_sim_graph.png  used on input line 29.
(pdftex.def)             Requested size: 542.77412pt x 164.62392pt.
File: logos/logo_sherpa.png Graphic file (type png)
<use logos/logo_sherpa.png>
Package pdftex.def Info: logos/logo_sherpa.png  used on input line 33.
(pdftex.def)             Requested size: 101.56209pt x 33.86768pt.
File: logos/lhead_logos/logo_polytech_resized.png Graphic file (type png)
<use logos/lhead_logos/logo_polytech_resized.png>
Package pdftex.def Info: logos/lhead_logos/logo_polytech_resized.png  used on input line 33.
(pdftex.def)             Requested size: 120.30582pt x 37.49619pt.
File: logos/lhead_logos/eupi_long_resized.png Graphic file (type png)
<use logos/lhead_logos/eupi_long_resized.png>
Package pdftex.def Info: logos/lhead_logos/eupi_long_resized.png  used on input line 33.
(pdftex.def)             Requested size: 208.9357pt x 40.97769pt.


Package fancyhdr Warning: \headheight is too small (42.67912pt): 
(fancyhdr)                Make it at least 45.32773pt, for example:
(fancyhdr)                \setlength{\headheight}{45.32773pt}.
(fancyhdr)                You might also make \topmargin smaller to compensate:
(fancyhdr)                \addtolength{\topmargin}{-2.6486pt}.

[1 <./Appendix/gazebo_sim_graph.png>]
<Appendix/checklist.png, id=1133, 662.97687pt x 638.88687pt>
File: Appendix/checklist.png Graphic file (type png)
<use Appendix/checklist.png>
Package pdftex.def Info: Appendix/checklist.png  used on input line 37.
(pdftex.def)             Requested size: 483.69687pt x 466.12032pt.
File: logos/logo_sherpa.png Graphic file (type png)
<use logos/logo_sherpa.png>
Package pdftex.def Info: logos/logo_sherpa.png  used on input line 41.
(pdftex.def)             Requested size: 101.56209pt x 33.86768pt.
File: logos/lhead_logos/logo_polytech_resized.png Graphic file (type png)
<use logos/lhead_logos/logo_polytech_resized.png>
Package pdftex.def Info: logos/lhead_logos/logo_polytech_resized.png  used on input line 41.
(pdftex.def)             Requested size: 120.30582pt x 37.49619pt.
File: logos/lhead_logos/eupi_long_resized.png Graphic file (type png)
<use logos/lhead_logos/eupi_long_resized.png>
Package pdftex.def Info: logos/lhead_logos/eupi_long_resized.png  used on input line 41.
(pdftex.def)             Requested size: 208.9357pt x 40.97769pt.


Package fancyhdr Warning: \headheight is too small (42.67912pt): 
(fancyhdr)                Make it at least 45.32773pt, for example:
(fancyhdr)                \setlength{\headheight}{45.32773pt}.
(fancyhdr)                You might also make \topmargin smaller to compensate:
(fancyhdr)                \addtolength{\topmargin}{-2.6486pt}.

[2 <./Appendix/checklist.png>]
<Appendix/scenario1.png, id=1139, 926.46124pt x 546.04pt>
File: Appendix/scenario1.png Graphic file (type png)
<use Appendix/scenario1.png>
Package pdftex.def Info: Appendix/scenario1.png  used on input line 46.
(pdftex.def)             Requested size: 483.69934pt x 285.0839pt.
<Appendix/scenario2.png, id=1140, 902.37125pt x 676.5275pt>
File: Appendix/scenario2.png Graphic file (type png)
<use Appendix/scenario2.png>
Package pdftex.def Info: Appendix/scenario2.png  used on input line 49.
(pdftex.def)             Requested size: 468.71252pt x 351.40404pt.
<Appendix/scenario3.png, id=1141, 911.405pt x 607.26875pt>
File: Appendix/scenario3.png Graphic file (type png)
<use Appendix/scenario3.png>
Package pdftex.def Info: Appendix/scenario3.png  used on input line 52.
(pdftex.def)             Requested size: 474.64258pt x 316.25415pt.
File: logos/logo_sherpa.png Graphic file (type png)
<use logos/logo_sherpa.png>
Package pdftex.def Info: logos/logo_sherpa.png  used on input line 53.
(pdftex.def)             Requested size: 101.56209pt x 33.86768pt.
File: logos/lhead_logos/logo_polytech_resized.png Graphic file (type png)
<use logos/lhead_logos/logo_polytech_resized.png>
Package pdftex.def Info: logos/lhead_logos/logo_polytech_resized.png  used on input line 53.
(pdftex.def)             Requested size: 120.30582pt x 37.49619pt.
File: logos/lhead_logos/eupi_long_resized.png Graphic file (type png)
<use logos/lhead_logos/eupi_long_resized.png>
Package pdftex.def Info: logos/lhead_logos/eupi_long_resized.png  used on input line 53.
(pdftex.def)             Requested size: 208.9357pt x 40.97769pt.


Package fancyhdr Warning: \headheight is too small (42.67912pt): 
(fancyhdr)                Make it at least 45.32773pt, for example:
(fancyhdr)                \setlength{\headheight}{45.32773pt}.
(fancyhdr)                You might also make \topmargin smaller to compensate:
(fancyhdr)                \addtolength{\topmargin}{-2.6486pt}.

[3 <./Appendix/scenario1.png> <./Appendix/scenario2.png>]
<Appendix/scenarioM.png, id=1149, 918.43124pt x 721.69624pt>
File: Appendix/scenarioM.png Graphic file (type png)
<use Appendix/scenarioM.png>
Package pdftex.def Info: Appendix/scenarioM.png  used on input line 55.
(pdftex.def)             Requested size: 447.17636pt x 351.38777pt.


pdfTeX warning: pdflatex (file ./Appendix/test_checklist.pdf): PDF inclusion: found PDF version <1.7>, but at most version <1.5> allowed
<Appendix/test_checklist.pdf, id=1150, 614.295pt x 794.97pt>
File: Appendix/test_checklist.pdf Graphic file (type pdf)
<use Appendix/test_checklist.pdf>
Package pdftex.def Info: Appendix/test_checklist.pdf  used on input line 58.
(pdftex.def)             Requested size: 614.29349pt x 794.96806pt.


pdfTeX warning: pdflatex (file ./Appendix/test_checklist.pdf): PDF inclusion: found PDF version <1.7>, but at most version <1.5> allowed
File: Appendix/test_checklist.pdf Graphic file (type pdf)
<use Appendix/test_checklist.pdf>
Package pdftex.def Info: Appendix/test_checklist.pdf  used on input line 58.
(pdftex.def)             Requested size: 614.29349pt x 794.96806pt.


pdfTeX warning: pdflatex (file ./Appendix/test_checklist.pdf): PDF inclusion: found PDF version <1.7>, but at most version <1.5> allowed


pdfTeX warning: pdflatex (file ./Appendix/test_checklist.pdf): PDF inclusion: found PDF version <1.7>, but at most version <1.5> allowed
<Appendix/test_checklist.pdf, id=1153, page=1, 614.295pt x 794.97pt>
File: Appendix/test_checklist.pdf Graphic file (type pdf)
<use Appendix/test_checklist.pdf, page 1>
Package pdftex.def Info: Appendix/test_checklist.pdf , page1 used on input line 58.
(pdftex.def)             Requested size: 614.29349pt x 794.96806pt.
File: Appendix/test_checklist.pdf Graphic file (type pdf)
<use Appendix/test_checklist.pdf, page 1>
Package pdftex.def Info: Appendix/test_checklist.pdf , page1 used on input line 58.
(pdftex.def)             Requested size: 597.78697pt x 773.60669pt.
File: logos/logo_sherpa.png Graphic file (type png)
<use logos/logo_sherpa.png>
Package pdftex.def Info: logos/logo_sherpa.png  used on input line 58.
(pdftex.def)             Requested size: 101.56209pt x 33.86768pt.
File: logos/lhead_logos/logo_polytech_resized.png Graphic file (type png)
<use logos/lhead_logos/logo_polytech_resized.png>
Package pdftex.def Info: logos/lhead_logos/logo_polytech_resized.png  used on input line 58.
(pdftex.def)             Requested size: 120.30582pt x 37.49619pt.
File: logos/lhead_logos/eupi_long_resized.png Graphic file (type png)
<use logos/lhead_logos/eupi_long_resized.png>
Package pdftex.def Info: logos/lhead_logos/eupi_long_resized.png  used on input line 58.
(pdftex.def)             Requested size: 208.9357pt x 40.97769pt.

Package fancyhdr Warning: \headheight is too small (42.67912pt): 
(fancyhdr)                Make it at least 45.32773pt, for example:
(fancyhdr)                \setlength{\headheight}{45.32773pt}.
(fancyhdr)                You might also make \topmargin smaller to compensate:
(fancyhdr)                \addtolength{\topmargin}{-2.6486pt}.

[4 <./Appendix/scenario3.png> <./Appendix/scenarioM.png>]
File: Appendix/test_checklist.pdf Graphic file (type pdf)
<use Appendix/test_checklist.pdf, page 1>
Package pdftex.def Info: Appendix/test_checklist.pdf , page1 used on input line 58.
(pdftex.def)             Requested size: 597.78697pt x 773.60669pt.
File: Appendix/test_checklist.pdf Graphic file (type pdf)
<use Appendix/test_checklist.pdf, page 1>
Package pdftex.def Info: Appendix/test_checklist.pdf , page1 used on input line 58.
(pdftex.def)             Requested size: 597.78697pt x 773.60669pt.
File: logos/logo_sherpa.png Graphic file (type png)
<use logos/logo_sherpa.png>
Package pdftex.def Info: logos/logo_sherpa.png  used on input line 58.
(pdftex.def)             Requested size: 101.56209pt x 33.86768pt.
File: logos/lhead_logos/logo_polytech_resized.png Graphic file (type png)
<use logos/lhead_logos/logo_polytech_resized.png>
Package pdftex.def Info: logos/lhead_logos/logo_polytech_resized.png  used on input line 58.
(pdftex.def)             Requested size: 120.30582pt x 37.49619pt.
File: logos/lhead_logos/eupi_long_resized.png Graphic file (type png)
<use logos/lhead_logos/eupi_long_resized.png>
Package pdftex.def Info: logos/lhead_logos/eupi_long_resized.png  used on input line 58.
(pdftex.def)             Requested size: 208.9357pt x 40.97769pt.


Package fancyhdr Warning: \headheight is too small (42.67912pt): 
(fancyhdr)                Make it at least 45.32773pt, for example:
(fancyhdr)                \setlength{\headheight}{45.32773pt}.
(fancyhdr)                You might also make \topmargin smaller to compensate:
(fancyhdr)                \addtolength{\topmargin}{-2.6486pt}.

File: Appendix/test_checklist.pdf Graphic file (type pdf)
<use Appendix/test_checklist.pdf, page 1>
Package pdftex.def Info: Appendix/test_checklist.pdf , page1 used on input line 58.
(pdftex.def)             Requested size: 597.78697pt x 773.60669pt.
[5 <./Appendix/test_checklist.pdf>]
File: Appendix/test_checklist.pdf Graphic file (type pdf)
<use Appendix/test_checklist.pdf>
Package pdftex.def Info: Appendix/test_checklist.pdf  used on input line 59.
(pdftex.def)             Requested size: 614.29349pt x 794.96806pt.


pdfTeX warning: pdflatex (file ./Appendix/test_checklist.pdf): PDF inclusion: found PDF version <1.7>, but at most version <1.5> allowed
File: Appendix/test_checklist.pdf Graphic file (type pdf)
<use Appendix/test_checklist.pdf>
Package pdftex.def Info: Appendix/test_checklist.pdf  used on input line 59.
(pdftex.def)             Requested size: 614.29349pt x 794.96806pt.


pdfTeX warning: pdflatex (file ./Appendix/test_checklist.pdf): PDF inclusion: found PDF version <1.7>, but at most version <1.5> allowed


pdfTeX warning: pdflatex (file ./Appendix/test_checklist.pdf): PDF inclusion: found PDF version <1.7>, but at most version <1.5> allowed
<Appendix/test_checklist.pdf, id=1197, page=2, 614.295pt x 794.97pt>
File: Appendix/test_checklist.pdf Graphic file (type pdf)
<use Appendix/test_checklist.pdf, page 2>
Package pdftex.def Info: Appendix/test_checklist.pdf , page2 used on input line 59.
(pdftex.def)             Requested size: 614.29349pt x 794.96806pt.
File: Appendix/test_checklist.pdf Graphic file (type pdf)
<use Appendix/test_checklist.pdf, page 2>
Package pdftex.def Info: Appendix/test_checklist.pdf , page2 used on input line 59.
(pdftex.def)             Requested size: 597.78697pt x 773.60669pt.
File: Appendix/test_checklist.pdf Graphic file (type pdf)
<use Appendix/test_checklist.pdf, page 2>
Package pdftex.def Info: Appendix/test_checklist.pdf , page2 used on input line 59.
(pdftex.def)             Requested size: 597.78697pt x 773.60669pt.
File: Appendix/test_checklist.pdf Graphic file (type pdf)
<use Appendix/test_checklist.pdf, page 2>
Package pdftex.def Info: Appendix/test_checklist.pdf , page2 used on input line 59.
(pdftex.def)             Requested size: 597.78697pt x 773.60669pt.
File: Appendix/test_checklist.pdf Graphic file (type pdf)
<use Appendix/test_checklist.pdf, page 2>
Package pdftex.def Info: Appendix/test_checklist.pdf , page2 used on input line 59.
(pdftex.def)             Requested size: 597.78697pt x 773.60669pt.
[6 <./Appendix/test_checklist.pdf>]
<Appendix/Traj_Dlio_vs_kitware.png, id=1207, 1204.5pt x 562.1pt>
File: Appendix/Traj_Dlio_vs_kitware.png Graphic file (type png)
<use Appendix/Traj_Dlio_vs_kitware.png>
Package pdftex.def Info: Appendix/Traj_Dlio_vs_kitware.png  used on input line 65.
(pdftex.def)             Requested size: 483.69687pt x 225.72801pt.
File: logos/logo_sherpa.png Graphic file (type png)
<use logos/logo_sherpa.png>
Package pdftex.def Info: logos/logo_sherpa.png  used on input line 69.
(pdftex.def)             Requested size: 101.56209pt x 33.86768pt.
File: logos/lhead_logos/logo_polytech_resized.png Graphic file (type png)
<use logos/lhead_logos/logo_polytech_resized.png>
Package pdftex.def Info: logos/lhead_logos/logo_polytech_resized.png  used on input line 69.
(pdftex.def)             Requested size: 120.30582pt x 37.49619pt.
File: logos/lhead_logos/eupi_long_resized.png Graphic file (type png)
<use logos/lhead_logos/eupi_long_resized.png>
Package pdftex.def Info: logos/lhead_logos/eupi_long_resized.png  used on input line 69.
(pdftex.def)             Requested size: 208.9357pt x 40.97769pt.


Package fancyhdr Warning: \headheight is too small (42.67912pt): 
(fancyhdr)                Make it at least 45.32773pt, for example:
(fancyhdr)                \setlength{\headheight}{45.32773pt}.
(fancyhdr)                You might also make \topmargin smaller to compensate:
(fancyhdr)                \addtolength{\topmargin}{-2.6486pt}.

[7 <./Appendix/Traj_Dlio_vs_kitware.png>]
<Appendix/dlio_APE_plot_raw.png, id=1213, 730.6497pt x 723.4227pt>
File: Appendix/dlio_APE_plot_raw.png Graphic file (type png)
<use Appendix/dlio_APE_plot_raw.png>
Package pdftex.def Info: Appendix/dlio_APE_plot_raw.png  used on input line 75.
(pdftex.def)             Requested size: 241.84843pt x 239.44772pt.
<Appendix/kitware_APE_plot_raw.png, id=1214, 730.6497pt x 723.4227pt>
File: Appendix/kitware_APE_plot_raw.png Graphic file (type png)
<use Appendix/kitware_APE_plot_raw.png>
Package pdftex.def Info: Appendix/kitware_APE_plot_raw.png  used on input line 82.
(pdftex.def)             Requested size: 241.84843pt x 239.44772pt.
File: logos/logo_sherpa.png Graphic file (type png)
<use logos/logo_sherpa.png>
Package pdftex.def Info: logos/logo_sherpa.png  used on input line 89.
(pdftex.def)             Requested size: 101.56209pt x 33.86768pt.
File: logos/lhead_logos/logo_polytech_resized.png Graphic file (type png)
<use logos/lhead_logos/logo_polytech_resized.png>
Package pdftex.def Info: logos/lhead_logos/logo_polytech_resized.png  used on input line 89.
(pdftex.def)             Requested size: 120.30582pt x 37.49619pt.
File: logos/lhead_logos/eupi_long_resized.png Graphic file (type png)
<use logos/lhead_logos/eupi_long_resized.png>
Package pdftex.def Info: logos/lhead_logos/eupi_long_resized.png  used on input line 89.
(pdftex.def)             Requested size: 208.9357pt x 40.97769pt.


Package fancyhdr Warning: \headheight is too small (42.67912pt): 
(fancyhdr)                Make it at least 45.32773pt, for example:
(fancyhdr)                \setlength{\headheight}{45.32773pt}.
(fancyhdr)                You might also make \topmargin smaller to compensate:
(fancyhdr)                \addtolength{\topmargin}{-2.6486pt}.

[8 <./Appendix/dlio_APE_plot_raw.png> <./Appendix/kitware_APE_plot_raw.png>]
<Appendix/ouster_cmp_z.png, id=1221, 626.34pt x 377.41pt>
File: Appendix/ouster_cmp_z.png Graphic file (type png)
<use Appendix/ouster_cmp_z.png>
Package pdftex.def Info: Appendix/ouster_cmp_z.png  used on input line 95.
(pdftex.def)             Requested size: 386.95897pt x 233.17403pt.
<Appendix/xsens_cmp_z.png, id=1222, 626.34pt x 377.41pt>
File: Appendix/xsens_cmp_z.png Graphic file (type png)
<use Appendix/xsens_cmp_z.png>
Package pdftex.def Info: Appendix/xsens_cmp_z.png  used on input line 102.
(pdftex.def)             Requested size: 386.95897pt x 233.17403pt.
File: logos/logo_sherpa.png Graphic file (type png)
<use logos/logo_sherpa.png>
Package pdftex.def Info: logos/logo_sherpa.png  used on input line 112.
(pdftex.def)             Requested size: 101.56209pt x 33.86768pt.
File: logos/lhead_logos/logo_polytech_resized.png Graphic file (type png)
<use logos/lhead_logos/logo_polytech_resized.png>
Package pdftex.def Info: logos/lhead_logos/logo_polytech_resized.png  used on input line 112.
(pdftex.def)             Requested size: 120.30582pt x 37.49619pt.
File: logos/lhead_logos/eupi_long_resized.png Graphic file (type png)
<use logos/lhead_logos/eupi_long_resized.png>
Package pdftex.def Info: logos/lhead_logos/eupi_long_resized.png  used on input line 112.
(pdftex.def)             Requested size: 208.9357pt x 40.97769pt.


Package fancyhdr Warning: \headheight is too small (42.67912pt): 
(fancyhdr)                Make it at least 45.32773pt, for example:
(fancyhdr)                \setlength{\headheight}{45.32773pt}.
(fancyhdr)                You might also make \topmargin smaller to compensate:
(fancyhdr)                \addtolength{\topmargin}{-2.6486pt}.

[9 <./Appendix/ouster_cmp_z.png> <./Appendix/xsens_cmp_z.png>]
<Appendix/0.png, id=1230, 578.16pt x 289.08pt>
File: Appendix/0.png Graphic file (type png)
<use Appendix/0.png>
Package pdftex.def Info: Appendix/0.png  used on input line 118.
(pdftex.def)             Requested size: 217.66211pt x 108.82819pt.
<Appendix/1.png, id=1231, 578.16pt x 289.08pt>
File: Appendix/1.png Graphic file (type png)
<use Appendix/1.png>
Package pdftex.def Info: Appendix/1.png  used on input line 123.
(pdftex.def)             Requested size: 217.66211pt x 108.82819pt.
<Appendix/2.png, id=1232, 578.16pt x 289.08pt>
File: Appendix/2.png Graphic file (type png)
<use Appendix/2.png>
Package pdftex.def Info: Appendix/2.png  used on input line 130.
(pdftex.def)             Requested size: 217.66211pt x 108.82819pt.
<Appendix/3.png, id=1233, 578.16pt x 289.08pt>
File: Appendix/3.png Graphic file (type png)
<use Appendix/3.png>
Package pdftex.def Info: Appendix/3.png  used on input line 135.
(pdftex.def)             Requested size: 217.66211pt x 108.82819pt.
<Appendix/4.png, id=1234, 578.16pt x 289.08pt>
File: Appendix/4.png Graphic file (type png)
<use Appendix/4.png>
Package pdftex.def Info: Appendix/4.png  used on input line 142.
(pdftex.def)             Requested size: 217.66211pt x 108.82819pt.
<Appendix/5.png, id=1235, 578.16pt x 289.08pt>
File: Appendix/5.png Graphic file (type png)
<use Appendix/5.png>
Package pdftex.def Info: Appendix/5.png  used on input line 147.
(pdftex.def)             Requested size: 217.66211pt x 108.82819pt.
<Appendix/8.png, id=1236, 578.16pt x 289.08pt>
File: Appendix/8.png Graphic file (type png)
<use Appendix/8.png>
Package pdftex.def Info: Appendix/8.png  used on input line 154.
(pdftex.def)             Requested size: 217.66211pt x 108.82819pt.
<Appendix/9.png, id=1237, 578.16pt x 289.08pt>
File: Appendix/9.png Graphic file (type png)
<use Appendix/9.png>
Package pdftex.def Info: Appendix/9.png  used on input line 159.
(pdftex.def)             Requested size: 217.66211pt x 108.82819pt.
) 
AED: lastpage setting LastPage
File: logos/logo_sherpa.png Graphic file (type png)
<use logos/logo_sherpa.png>
Package pdftex.def Info: logos/logo_sherpa.png  used on input line 142.
(pdftex.def)             Requested size: 101.56209pt x 33.86768pt.
File: logos/lhead_logos/logo_polytech_resized.png Graphic file (type png)
<use logos/lhead_logos/logo_polytech_resized.png>
Package pdftex.def Info: logos/lhead_logos/logo_polytech_resized.png  used on input line 142.
(pdftex.def)             Requested size: 120.30582pt x 37.49619pt.
File: logos/lhead_logos/eupi_long_resized.png Graphic file (type png)
<use logos/lhead_logos/eupi_long_resized.png>
Package pdftex.def Info: logos/lhead_logos/eupi_long_resized.png  used on input line 142.
(pdftex.def)             Requested size: 208.9357pt x 40.97769pt.

Package fancyhdr Warning: \headheight is too small (42.67912pt): 
(fancyhdr)                Make it at least 45.32773pt, for example:
(fancyhdr)                \setlength{\headheight}{45.32773pt}.
(fancyhdr)                You might also make \topmargin smaller to compensate:
(fancyhdr)                \addtolength{\topmargin}{-2.6486pt}.

[10 <./Appendix/0.png> <./Appendix/1.png> <./Appendix/2.png> <./Appendix/3.png> <./Appendix/4.png> <./Appendix/5.png> <./Appendix/8.png> <./Appendix/9.png>] (./main.aux)

LaTeX Warning: There were undefined references.


LaTeX Warning: There were multiply-defined labels.

Package rerunfilecheck Info: File `main.out' has not changed.
(rerunfilecheck)             Checksum: D2CA7033187E99DA6D89C24EE64B1D1F;9821.
 ) 
Here is how much of TeX's memory you used:
 57607 strings out of 478287
 1289306 string characters out of 5849290
 1935386 words of memory out of 5000000
 74576 multiletter control sequences out of 15000+600000
 564352 words of font info for 80 fonts, out of 8000000 for 9000
 1141 hyphenation exceptions out of 8191
 125i,17n,120p,1749b,1031s stack positions out of 5000i,500n,10000p,200000b,80000s
{/usr/share/texmf/fonts/enc/dvips/lm/lm-ec.enc}{/usr/share/texmf/fonts/enc/dvips/lm/lm-mathsy.enc}{/usr/share/texmf/fonts/enc/dvips/lm/lm-rm.enc}{/usr/share/texmf/fonts/enc/dvips/lm/lm-mathit.enc}{/usr/share/texmf/fonts/enc/dvips/lm/lm-ts1.enc}</usr/share/texlive/texmf-dist/fonts/type1/public/amsfonts/cm/cmr10.pfb></usr/share/texmf/fonts/type1/public/lm/lmbx10.pfb></usr/share/texmf/fonts/type1/public/lm/lmbx12.pfb></usr/share/texmf/fonts/type1/public/lm/lmbxi10.pfb></usr/share/texmf/fonts/type1/public/lm/lmcsc10.pfb></usr/share/texmf/fonts/type1/public/lm/lmmi12.pfb></usr/share/texmf/fonts/type1/public/lm/lmmi8.pfb></usr/share/texmf/fonts/type1/public/lm/lmr10.pfb></usr/share/texmf/fonts/type1/public/lm/lmr12.pfb></usr/share/texmf/fonts/type1/public/lm/lmr8.pfb></usr/share/texmf/fonts/type1/public/lm/lmri10.pfb></usr/share/texmf/fonts/type1/public/lm/lmri12.pfb></usr/share/texmf/fonts/type1/public/lm/lmsy10.pfb></usr/share/texmf/fonts/type1/public/lm/lmsy8.pfb></usr/share/texlive/texmf-dist/fonts/type1/public/mathabx-type1/matha12.pfb></usr/share/texlive/texmf-dist/fonts/type1/public/mathabx-type1/matha8.pfb></usr/share/texlive/texmf-dist/fonts/type1/public/mathabx-type1/mathb12.pfb></usr/share/texlive/texmf-dist/fonts/type1/public/mathabx-type1/mathx10.pfb>
Output written on main.pdf (86 pages, 34115970 bytes).
PDF statistics:
 1407 PDF objects out of 1440 (max. 8388607)
 1094 compressed objects within 11 object streams
 303 named destinations out of 1000 (max. 500000)
 806 words of extra memory for PDF output out of 10000 (max. 10000000)

